cat,label,review,sentiment,category,summary
洗发水,1,不错！618买的！好多瓶！才用了两瓶清扬的钱太划算了！赞！,正面,价格,618 买划算用了两瓶
衣服,1,弹性很好，男朋友很喜欢。物流很快，没有什特别的味道，卖家服务态度也不错，绝对好评。以后经常来这家店买。,正面,综合,弹性好物流快服务佳
平板,1,简直就是一个大手机，漂亮，买给老婆的，很喜欢,正面,综合,手机漂亮送给老婆
平板,0,售后服务太差，欠发的东西都两个月了，居然还没有发，我不问，连一个消息都不给!!!!,负面,服务,售后太差欠发两月
平板,1,不错，最爽的是有两个音箱可以听出了左右。,正面,质量,双音箱听感清晰
洗发水,0,还没用，京东现在送货速度变好慢了，体验感骤降！！而且快递员态度非常差！！常年网购，第一次碰到态度这么差的快递员，真是醉了！！我下单的时候是说要刷卡，结果到了说pos机坏了，要我给现金，我说直接*转账吧，答应了又反悔非要现金，态度非常不耐烦，好吧给现金了，还有几毛钱零钱直接不找了，钱往兜里一揣，说没零钱。几毛钱真心不算个事，可是这年头讲的就是购物体验，不求你客客气气，好歹态度平稳点吧。这一次必须要差评！！！,负面,服务,快递员态度差体验骤降
蒙牛,1,自从知道我最喜欢的牛奶是蒙牛的 就自暴自弃了,负面,综合,自暴自弃不再喜欢牛奶
洗发水,1,快递很快，服务态度好，价格实惠，还有赠品，洗了之后清香，很好用满意，一次需要还买这个牌子。,正面,综合,物流快服务好性价比高
洗发水,1,是正品哦，而且，非常好用，送的都很精致，都香香的，买了这个，不后悔丫,正面,质量,正品好用送精致
衣服,1,买大了，175，70公斤，L码的太大了，建议买小号一点，搞活动25元西藏包邮，就不再换了，还不够运费的。,负面,质量,买大了建议换小
计算机,0,原配的windows驱动盘不错，只是安装无线网卡遇到点麻烦，先用自带光盘上GE780到NE771都没有用。后来上网查找，才知道这款机器用的无线网卡是NE-766。再到网上搜索驱动，下载测试，OK！,正面,服务,驱动安装麻烦后成功解决
平板,1,挺好用的，感觉不错，速度还不错，看看视频够了,正面,综合,好用速度快
洗发水,0,一点都不好，洗了头发干的要死,负面,质量,头发洗完很干
平板,1,反应迅速，屏幕不错！现在说说别的，给大家参考一下：屏幕细长，比起苹果握感差一点，可能苹果转过来还不习惯；第二，屏幕贴膜赠送挺好，但是你就差贴上这一步？这个太不人性化了，自己贴毕竟赶不上机器的原厂！但是还是给好评！苹果已经抛弃，死贵还不怎么样，支持华为，支持国货！国货当自强啊！顺道说一句，要买青春版的还是推荐这一款，价格虽然便宜，配置和操作性还是差一大截。,正面,综合,屏幕不错但贴膜难，支持国货
衣服,0,这是我买的最差的裤子，前后幅色差严重,负面,质量,裤子色差严重
水果,0,两箱苹果坏了十四个，一个箱子都破了，只有一箱好些。,负面,质量,两箱苹果损坏破损
书籍,1,我用了两口气，把这本书读完，牺牲了午夜以后的2小时和午睡的一个多小时。对书中职场技巧和感悟，似乎没什么印象，反而是市场部的工作让我充满了好奇。还有，让我这两天一直在思考的一个问题，也就是我都有哪些梦想，显得更加需要思考了。然后，还想，啊，自己年轻的时候怎么不知道北大有这么好，否则使出吃奶的劲也要考上。和米娅比起来，原来我的朋友，女友，这么少。,中性,综合,读书感悟少，引发对梦想思考
水果,1,苹果又脆又甜，还比超市和水果店的便宜。,正面,价格,苹果又脆又甜且便宜
水果,0,火龙果太小了！特意买的大果 ，小的可怜了！菜场7元的也比这个大,负面,质量,火龙果太小不值钱
平板,0,以后再不买华为了，伤透了心?！,负面,综合,不再购买华为产品
洗发水,1,在京东买过好几次了，很想，跟我以前在超市买的用起来一样，并且超划算，实惠，好评！,正面,综合,京东购买体验好实惠
洗发水,0,晕了，去超市看了一下结果和超市的价格一样，这也算是做活动呢？,负面,价格,超市价格一样，活动无意义
衣服,1,裤子收到了，替朋友买的，朋友说质量非常好，以后会经常光顾的！大赞！,正面,质量,朋友说质量非常好
平板,1,运行速度不错 快递小哥给力,正面,物流,运行快快递好
洗发水,0,差评，绝对差评，电话也不打，货放哪也不知道，收货人没见货就敢签收,负面,服务,电话不接签收不知情
平板,0,送的礼品了？糊弄人了？,负面,服务,礼品敷衍让人不满
水果,1,正宗的烟台红富士，口感甜脆，皮薄好吃，第二次买了，很棒！,正面,质量,烟台红富士口感甜脆
水果,1,京东购物最令人感动的就是物流小哥，风雨无阻，没日没夜，为你们点赞！,正面,物流,点赞京东物流小哥
手机,1,1.铃声优美，音量较大； 2.支持关机闹铃； 3.支持群发短信； 4.按键较大，手感不错 5.屏幕显示效果不错；； 6.支持GPRS和WAP，GPRS 上网速度较快,正面,综合,铃声优美功能齐全手感好
衣服,1,这款牛仔裤真的很好，物流也快，京东上买东西就是靠谱，这个价位买到真的很不错，很休闲，男朋友很喜欢，我也很喜欢不错不错！,正面,综合,牛仔裤质量好物流快
水果,1,苹果很新鲜，个头虽然不大，但是很好吃！老公儿子和妈妈喜欢,正面,质量,苹果新鲜好吃
衣服,0,裤子怎么看起来和旧的一样啊？没有想象中的好，还特别薄,负面,质量,裤子像旧的一样
平板,1,华为平板 真的很不错 信号好 影响也好,正面,综合,华为平板信号好影响也好
酒店,1,"酒店位置稍偏,但不愧是从前的香格里拉,硬件和服务还是不错的,提供的婴儿床很棒,就是上网宽带还要收费,不太符合国际潮流",正面,综合,酒店硬件服务好但收费不合理
水果,0,差评，次日不能到就别bb，虚假！,负面,物流,次日不到虚假
水果,0,垃圾，收到后隔天就全烂了，一个都没吃上,负面,质量,收到后隔天全烂了
衣服,1,裤子不错，蛮合身的！舍友说这个质量还可以，宝贝和卖家描述的一致，不比一般的名牌差，推荐大家购买！,正面,综合,裤子合身质量好推荐
水果,1,买来送人当礼物的，朋友说说很大很好吃，而且特别爽口，拿到的时候，特别的新鲜！好评五星赞！,正面,质量,朋友说好吃新鲜
酒店,1,总体上感觉还可以，但也没有什么太突出的地方，因为才过一个月多点，实在也想不起来有什么让人印象深刻点的。,中性,综合,总体一般无明显亮点
衣服,1,裤子质量很好，棒棒哒，特别是穿到身上的感觉呢。可以说是很帅咯！！！啦啦啦，价格也不错呢，价格和裤子很匹配,正面,质量,裤子质量好，价格匹配
书籍,1,我只用四天时间就读完了这本书，这在我读书生活中是很少见的。虽然这本书从出版至今相去九年，但还是觉得新鲜，从中我也学到了很多的东西。比如国家为什么要对农产品实行保护价收购等等。当然有些观点个人认为不一定很正确，经济学家也不是全能全知的上帝。该书文字生动活泼，读起来完全不觉得深奥，是一本真正意义上的大众经济学。书的印刷质量很好，还配了几幅蛮有意思的插图，是一本好书。,正面,综合,书读得快，内容好，印刷佳
手机,1,或许许多人买手机看重的就是多彩的屏幕，而E88是4096色的STN屏幕，这也是最值得争议的地方，目前主流的PPC手机，起码都是65536色的TFT了，熊猫还用STN，有不近人意的地方，但对我来说，这也许是值得高兴的，因为STN屏幕比较省电，耗电问题一直是我比较关心的。而4096色，对于我这样不注重娱乐的人来说，其实也够了，所以这不成为问题。,中性,质量,屏幕色彩争议但省电够用
手机,1,买了它已经一年了，记得当初完全被它美妙的铃声所迷惑，才痛下决心买了个自己不熟悉的牌子。现在用了一年了，却仍没有后悔，若不仔细看，还像新的一样呢。颇大的内屏让我这近视眼受益匪浅，还可关机闹铃，满人性化的。以前老听别人埋怨翻盖机不经碰，我的它曾不幸被我摔到地上好几次，却至今安然无恙。,正面,质量,摔坏多次仍完好
酒店,1,优点：房间条件简洁、气氛温馨，住宿环境比较安静，价格比较合理，服务态度好；不足：窗户几乎与后面的房顶等高，加上没有防盗窗（网），安全感不高。,正面,综合,环境安静价格合理但缺乏安全感
洗发水,0,京东发货的人 也太不负责了吧 也不包装下 发货一个星期也没有物流信息 还是催单才有反应 买的这套洗发露有卷梳的 也没有送 收到货物的时候 盒子都破了 真心受不了,负面,物流,发货慢包装差未送赠品
平板,1,东西收到了，就是WIFF 怎么连不上？有谁能回答我啊？,负面,服务,设备无法连接求助
衣服,0,很一般很一般很一般,中性,综合,评价一般
水果,0,好小一个，不喜欢，这个价格有点贵。市场上也就5块一斤,负面,价格,嫌贵且小不喜欢
平板,0,觉得不是正品 买回来一直没用 在那放着 前两天拿出来用结果发现照相特别不自然 特别 准备拿去华为售后检修 估计是组装机 现在也退不了 认栽,负面,质量,发现拍照不自然疑似组装机
平板,0,手机套子也没有，分辨率超级底.很差劲........................................,负面,质量,手机套子无且分辨率低
洗发水,1,搞活动买很划算，没用过，买来试试,正面,价格,活动划算买来试试
衣服,1,质量不错 大小合适 面料不错 还可以,正面,质量,质量面料都不错
酒店,0,酒店实在是太久了 还有味道,负面,综合,酒店久且有异味
平板,1,物美价廉，，很好刚用，在看看,正面,综合,物美价廉很好
平板,1,货真价实，真品，发货快,正面,综合,货真价实发货快
洗发水,0,用了头皮痒，大片大片的头屑附在头皮上，不敢用了…以前超市买了都没有出现过这种情况,负面,质量,头皮发痒头屑多不敢用
平板,1,帮同事买的，原来八寸的丢了，重新买一个。,中性,物流,同事买的八寸丢了
水果,1,口感好，个头是一个人吃的分量。,正面,质量,口感好分量足
计算机,1,性价比好，酒红色适合女生用，很拉轰，键盘手感不错，屏也没坏点,正面,综合,性价比高手感好外观佳
酒店,0,酒店已经很老旧，却刚刚评上四星，就这样的酒店，不如浙江的二星水平，房间卫生间异味很重，浴巾毛巾都有水毛臭，也许是鄙视携程的客户，给的又是一间最靠楼梯的房间，我没有提出换房，觉得下次不会再住这家了，连客房的沙发凳档次都低很多，枉我以前来鞍山都订这里，便宜真正没好货，楼梯道充满澡堂子的味道，商务中心都没有，发个传真还得去销售部，房间里却布满了按摩的纸张广告，有些滑稽。电视机的节目也没有四星标准，凤凰卫视的信号断断续续，还只有图象，其它几个卫星频道也是信号奇差，基本是夹杂着大雪花，没法看；早餐也是典型的东北杂烩，与一众泳客们对坐，实在差劲。我看，一无是处吧，除了便宜，但这样的便宜，不要也罢，我要退房。还想说，评星级的评委一定都各需要一只导盲犬。黑，忒黑。强烈要求携程在鞍山多搜集几家星级酒店，以便有选择余地。,负面,综合,酒店老旧设施差异味重
计算机,0,硬盘盖和主机体之间接合不紧密(就是靠近光驱的一端)，有条由窄到宽的缝隙，感觉应该不是故意留出来散热用的。不知道对防尘有否影响。是不是模具的问题？各位的机器有这个问题么?还是我这个机器的个别问题？谢谢,负面,质量,硬盘盖与主机体缝隙过大
酒店,1,"这个酒店是离科学城最近的一家商务酒店,大堂很气派,有直接从机场到达酒店的四号快线,几次入住过A楼的房间,每次都有常住常新的感觉,这次入住还知道他们又增设了电脑房,下次来要试试,房间的宽带上网速度很快,服务特别好,最方便的一点是他们有开通酒店到科学城的穿梭巴士.以后会常住这个酒店.",正面,综合,酒店设施好服务佳方便
洗发水,0,买完就降价了20，谁负责。。。。。。。。。。。。。,负面,价格,买完降价谁负责
书籍,1,拿到书用了六天才看完。最感动的地方要数第三部风华篇了。云峥的死让我哭的稀里哗啦的。看到凤歌一夜白头又忍不住唏嘘。个人心中还是希望女主能和宇公子在一起，看到君北羽在知晓一切时那种孩子气，想要把心爱的人抢回来那种霸气，心中无奈。可是，错过就是错过了。后两部感觉有点恐怖，又是降头又是日本神兽的，我是在晚上看的，脊背都有点冷。,正面,综合,书好看但后部有点恐怖
书籍,0,看过嘟嘟和巴豆后，就觉得这本书买怨了。,负面,综合,书不值钱很失望
洗发水,1,宝贝很不错，一直信赖京东，下次还来！,正面,综合,宝贝好信赖京东
水果,0,我大概买了假的火龙果    照片上看还显大了些…… 那是真真小啊,负面,质量,买了假火龙果且偏小
洗发水,0,洗过头发有点小痒，是不是过期了。,负面,质量,洗后发痒可能过期
平板,0,太坑了吧！！昨天买的，今天就降￥*！京东垃圾！,负面,价格,价格变动太快
蒙牛,0,乜原因啊 香飘飘奶茶不买了 步步高点读机不买了 加多宝凉茶不喝了 伊利不买了 三星不买了 百雀林不买了 蒙牛不买了 爱透不买了 汤臣倍健不买了 东方树叶也不买了,负面,综合,多个品牌产品不再购买
手机,0,我的显示屏有时变色，待机时间较短，不能传送数据。,负面,质量,显示屏变色待机短
酒店,1,宾馆比较冷清，大概是五一假期变短的原故。酒店设施比较老旧，但据说在没有悦华前，这也是相当上档次的宾馆。我订的标间，卫生间比较小，房间内有专门供客人自已泡茶的茶桌及茶具，但有茶垢。环境很不错，空气很清新，住宿是在后楼，感觉很清静，只是飞机场距度假区很近，飞机来时噪音较大，总体说来还满意。武夷山的水不太容易洗东西，肥皂不易冲掉，很费劲。,正面,综合,环境清静设施老旧总体满意
衣服,1,话说是小脚，看到是直筒，真失望，穿着太难看了，,负面,质量,款式不符穿着难看
平板,1,"从mate9开始，对华为彻底改观。接着到入手m3,反复挑，荣耀平板等等，上过实体店看，体验，最后才敲定m3。",正面,综合,华为手机体验后彻底改观
酒店,0,设施很旧，但是可以用服务弥补。遗憾的是服务一般，前台不会微笑。后来住了百灵国际公寓，价格不仅便宜，服务更是好很多。需要改进。,正面,服务,设施旧但服务好需改进
平板,0,相素太低，速度也很慢,负面,质量,相素低速度慢
酒店,1,就在崇圣寺后面，酒店环境不错，但硬件设施比较陈旧。地理位置离景点近，但离市区较远，希望酒店能多为客人提供交通上的便利，比如多发班车之类的。,中性,服务,酒店环境好但设施旧，希望增加班车
酒店,0,房间隔音实在太差，不单隔壁，感觉整层都能听到。半夜被男女欢愉声吵醒，影响休息,负面,综合,隔音差影响休息
平板,1,可以可以一般般可以一般般,中性,综合,一般般可以
水果,1,很好！单果有150克左右！蛮好的！好吃！好次,正面,质量,单果重好吃
洗发水,1,清扬男士，去油效果好，洗完很清爽…一直再用……,正面,质量,去油效果好清爽
洗发水,0,东西用着跟以前买的不一样，洗发液很稀，而且不出泡沫。很失败的一次购物，一直都很信任京东， 这次定的洗发液真心不怎么样。没经过专业鉴定不能信口开河的说是假货。只能说跟以前用过的不一样，差好多！,负面,质量,洗发液稀不出泡，质量差
水果,0,包装破的，苹果好几个坏的，有的还很脏，味道特酸，个头不大歪瓜裂枣！,负面,质量,包装破损苹果坏且脏
酒店,0,"发票上打身份证信息,水单上打信用卡信息,易泄露客户隐私。",负面,服务,发票水单泄露隐私
洗发水,0,已经被打开过，瓶口已经漏出来了，和超市买的完全不一样,负面,质量,瓶口已漏，与超市不同
平板,0,手机打电话时噪声有点大，打电话给客服也说不出为啥有电流震荡的声音。京东连着两次买的东西都很失望,负面,质量,手机通话有电流声
洗发水,0,一点也不好用，每次都挤好多，涂完一点效果都没有，一点也不像护发素，怀疑买到了假的东西，差评差评！！！！！！！,负面,质量,产品无效怀疑假货
洗发水,1,一起买了两套，还以为很多，感觉挺好，用用看！,正面,综合,两套感觉挺好
衣服,0,穿着不太舒服 裤子也大了,负面,质量,裤子穿着不舒服
酒店,0,属于政府招待所，酒店设施非常一般，服务态度也不太令人满意，房间的床上用品不干净，枕套居然是有大面积油渍的，换了一个居然还是一样，床单下有很多头发，被罩上还有零星的血渍，早餐质量太差，天天一样，令人没有食欲，18元的早餐也就是喝碗粥，吃个鸡蛋。希望邯郸地区的酒店能够尽量提高质量和服务水平,负面,综合,酒店设施差服务差卫生差
酒店,0,晚上到的酒店，大堂灯都关了，来客人还舍不得开，打手电开的房，绝了！前脚刚进房间后脚按摩电话就打进来，牛叉！社会主义好啊！,正面,服务,酒店服务热情周到
酒店,0,位置离车公庙地铁站很近， 前台服务态度很好，但是效率太慢，入住时要10多分钟， 退房也要5分钟， 实在需要改善。早餐种类太少，以此早餐价实在是太不化算。房间设施没有刮胡刀，也没有润肤液，深圳此价位的酒店大多都有，同价位的酒店选择也很多，无必要再选这间。,负面,综合,服务效率低设施少不划算
洗发水,1,清扬洗发水收到了，有活动买的满99返50，太合适了！比在超市买还便宜了！送货师傅及时送货！太感谢了！以后就来京东了！,正面,综合,活动划算送货快感谢
酒店,0,"给父母订的~回来说房间远不及盛华的,早餐也不行.唯一好的就是在风景区内了~",负面,综合,房间差早餐差风景好
水果,0,一点都不值，小的不知怎么说了，市场才十块两个,负面,价格,价格太低不值
衣服,1,买3免1抢的，非常划算，质量还可以,正面,综合,买三免一划算质量好
洗发水,1,东西是正品蛮好的，第一次用京东，服务好送货快！而且快递小哥大中午的那么热还亲自送到家门口！比某某网站快递公司快递员好百倍千倍。。,正面,服务,正品好服务佳送货快
蒙牛,1,好喜欢蒙牛的新包装！！！,正面,综合,喜欢蒙牛新包装
酒店,1,标准的商务酒店，最大的优点就是位置好。房间比较干净，设施还行，但有些细节还需要改进。楼层服务员很不错（上次住的6楼，在这里表扬一下这位服务员），收拾房间，做清洁很及时，认真，走的时候有东西忘了，追了我好长一段距离告诉我。最近浦东大道修路，附件象个打工地。,正面,综合,位置好服务佳细节待改进
洗发水,0,怀疑是否买到是假货 洗后头发打结 发质粗硬 望京东检测,负面,质量,怀疑假货洗后打结
洗发水,0,京东的用户体验越来越差，每次快递都不送货上门，需要自己去取……再也不想用京东了,负面,物流,京东快递体验差
酒店,1,国庆期间携程特价入住该酒店豪华房，这是第一次入住沈阳的该酒店，以前一直入住青年公园附近的凯宾斯基，有以下几点印象——1、从硬件设施来讲，黎明酒店非常不错，和凯宾斯基有一比，比我们上海的五星酒店的硬件都要好，特别是卫生间，明亮、宽敞、干净；2、虽然环境略显荒凉，但距离沈阳的中街商业区步行也只需25分钟，交通很方便；3、从软件来讲，携程预定时标明房间的宽带是免费的，可是入住后发现要收费，随即与携程取得联络，告知免费（这里表扬一下携程，有职业操守！很好！）；4、不过入住酒店后发生了一件本来很不愉快地经历，让我差一点从此放弃日后入住该酒店；由于我的老父亲头发乌过了，因此，弄脏了酒店的枕套，客房清理人员随即让我赔偿50元，这是我第一次入住五星级酒店让我赔偿，在结账时告知了前台，并打算把那个天价枕套拿走留个纪念，也许前台的小姐也觉得实在不好意思，随即不知道和谁打了电话，告知不用赔偿了，并诚恳地向我表示希望下次继续入住黎明酒店。我这里并不是说这区区50元，只是这50元背后显示了酒店的服务意识和服务理念。沈阳的经济虽然落后，但服务行业的服务态度普遍不好，但这次入住黎明酒店使我明显感觉到了沈阳这个最大的东北城市的服务意识与服务态度的提高。相比较而言，服务行业服务最好的城市当首数深圳市，就连上海都没法和深圳比，但尽管如此，上海仍然可以排在第二位，但与深圳的服务质量的差距很大；沈阳和北京的服务态度其实差不多，但这次入住黎明，使我感受到了一点不一样，也许我们的老工业基地真的在发生巨变。希望如此！再多说一句，服务行业，服务的态度和质量是服务行业的生命！通过这次入住，赞扬携程、赞扬黎明酒店。,正面,综合,赞扬酒店服务与设施
酒店,0,很一般。性价比很差。跟上海的快捷酒店相比，价格贵，服务差；外面空气不错。但是内部装修亟待改善；窗户的高度太低，不小心会摔下去；令人匪夷所思的是，订的是大床房，但是床却是坏的；感觉很不好。,负面,综合,性价比低服务差装修差
平板,1,不错儿子非常满意喜欢,正面,综合,儿子非常满意喜欢
衣服,0,褪色严重，只想说价格欺骗…………,负面,价格,褪色严重价格欺骗
平板,0,分辨率太低，相素太差了与描述不符。,负面,质量,分辨率低像素差
酒店,0,无论从任何角度讲，该酒店最多只能评为2星级。携程首先推荐该酒店，我认为只有一个原因：酒店的返点最高？补充点评 2008年3月11日 ： 教训！,负面,综合,酒店仅配两星，教训深刻
计算机,0,1：USB，网口，电源口全在左边，不习惯。 2：电源适配器噪声太大，烫手 3：没送鼠标,负面,综合,USB 网口电源口位置不习惯
平板,0,买完没几天就降价，无语。,负面,价格,买完没几天就降价
衣服,0,不知道为什么味道大的不是一点儿半点儿，本来以为洗一下就好了，现在洗了好几遍了还是味道很大,负面,质量,衣服味道大洗不掉
水果,0,都是烂的啊，妈蛋，一看就知道放几个月了,负面,质量,商品质量极差
酒店,1,地理环境不错，但对面一直在盖楼，门前的街道打车不方便。,中性,服务,环境好但打车不便
计算机,0,重了点，镜面屏容易在上盖留下指纹和划痕，送的瑞星杀毒软件报密码不对，不知道咋搞得,负面,质量,屏幕留指纹划痕瑞星软件报错
水果,0,非常非常难吃，又苦又酸，喜欢重口味的可以试试，以后再也不到京东上买水果了,负面,质量,水果难吃又苦又酸
酒店,0,1、车到酒店门口，没找到酒店，原来身边满是脚手架的大楼工地就是酒店，胆战心惊的走入，前台很破旧，很难想象是四星级的酒店。2、我住公寓套房，好像19楼，几部电梯只有一步到达，换了隔壁电梯才行，楼上走道昏暗，长长走廊，只有一两盏灯，，一出电梯眼睛要过一会儿才能看清东西，太省钱了吧。3、上午入住，电钻声不断，楼下房间原来在装修，携程也不事先告知，我晕！！！4、客厅较大，但太空了，只有沙发，却没有电视机，原来是叫人坐那里发呆的。5、洗澡没热水，一问，原来不是统一热水，而是电淋浴器，烧一桶要好长时间，一个晚上到第二天早上也没有热水出来，服务员说不知道为啥这样，四星级的无热水待遇，澡当然没洗，退房时心理和身上都发痒....6、口渴了烧水喝，电热水壶也坏的，打电话要换一个，说库房下班了，那是晚上八点多吧，从哪里变不出来一个？其他没人住的房间，你们经理的办公室...总能解决吧，不行烧一壶水上来也行啊，可他们就不理你，我只能跑到街上买水喝了！！7、所有家具设备都是陈旧的我想大家也会理解我的感受，我平时住店一般会先来看看众兄弟的网评，不好决不敢住。这次行程匆忙，是在路上电话预订的，酒店是携程反复向我推荐的，我才上了当，如果携程以后光注重经济效益而不注重酒店本身的品质，推荐这样的酒店，我看是要砸牌子的，毕竟你们也有竞争者的。补充点评 2007年5月2日 ： 再补充一点，宽带速度“奇快”，两个笔记本上网，一个酒店宽带，一个CDMA掌上宽带拨号上网，在联众打游戏，有线的网速还比不过无线的，还掉了几次线，送了人家好多分，呜呜...,负面,综合,酒店设施陈旧服务差
酒店,1,第二次入住，蛮好的酒店。总的来说。在国内算不错的公寓式酒店。,正面,综合,第二次入住体验不错
水果,0,这是什么苹果 我这么文明的人真想爆粗口 这还怎么吃 买了一个星期 才到 这物流真是醉了 再也不买你家的苹果了 恶心 弄几个破苹果 放的箱子里给我送过来了 草尼吗的,负面,物流,物流太慢且苹果质量差
洗发水,1,这次购买的是套装，参加活动后力度还是比较大的。,正面,综合,套装活动力度大
书籍,1,她的诗，看似平凡却美丽无比，看是平淡却可以引起你内心的共鸣！多么奇妙的事啊，竟会如此，看了她的诗作后，我的心灵感到从未有过的宁静，我的心不在寂寞……千言万语都无法道尽我对它的喜爱，我因它而疯狂地想读更多的诗，我因它而无比地喜欢诗，我甚至喜欢上自己些诗，从此，我感觉我的生活也可以如此诗意，我的人生也会因此而增色不少。感谢有你。,正面,综合,喜爱诗作带来心灵宁静
书籍,0,为什么不认真的检查一下， 发这么一本脏脏的书给顾客呢！,负面,质量,发脏书给顾客
书籍,0,我觉得这本书完全不适合我，看完了也影响不了我的一生,负面,质量,书不适合我
酒店,1,酒店的房间太小了，一点没有5星酒店的感觉。前台给人的感觉好像是3星酒店。不过服务员的态度还是很好的！,负面,综合,房间小无五星感
计算机,1,电池好，屏幕好 漂亮 实测上网、聊天的话可以坚持6个半小时，还不错,正面,质量,电池屏幕好体验佳
酒店,1,早餐是中式，有些东西很奇怪。住店停车还收费，不应该。,负面,服务,停车收费不合理
平板,1,送了这么久了，不错的。支持华为,正面,综合,支持华为不错
洗发水,0,第一次买，冲着资生堂的牌子来的，结果好失望啊，相当不好，洗了感觉头发都油乎乎的，比没洗还糟糕，都不知道是质量问题还是非正品，好郁闷啊！,负面,质量,头发洗后更油怀疑非正品
酒店,0,"这个店太差房间有霉味,最不能忍受的是前台工作效率极低极低!",负面,服务,房间霉味前台效率低
衣服,0,真该相信差评里说的，没想到掉色掉的无与伦比。买回来没穿就发现掉色，洗了之后觉得应该没事了，没想到，脚从裤筒里伸出来时脚都黑了?,负面,质量,裤子掉色严重脚变黑
手机,0,不支持全屏播放；摄像头没有提供闪光灯的支持；TF存储卡不支持热插拔；不支持蓝牙传输功能。,负面,综合,不支持多项功能
洗发水,0,买了就降价，还618,负面,价格,降价后购买不满
洗发水,1,第四次购买了，很好用。 相信京东,正面,综合,第四次购买很好用
衣服,0,真心很难看。。。。,负面,综合,商品外观很难看
水果,1,份量正好，苹果的尺寸与描述的一样，个不大，75mm确实没多大。糖分高，但因保存时间有点长了，水分散发了些，没有那么脆了。包装很好，有两层网套着，即便有空隙也没有一个搁坏的。送货很及时，头天订货第二天就收到。,正面,综合,份量足包装好送货快
酒店,0,走廊上极噪 估计是乌合之众的住所 根本没睡好 害得我考试时候晕糊糊的,负面,综合,走廊噪音大影响睡眠
衣服,1,裤子其实不错 合身 店家服务态度也很好 五星好评,正面,综合,裤子合身服务好评
洗发水,1,我一直在用这个牌子，但是在京东购买还是第一次，看上去还可以，还没用等用了再追加评论,中性,综合,首次京东购买待体验
洗发水,1,我喜欢在京东上买东西，尤其是京东的自营店，今天下单，明天就能收到货，不用焦急的等待发货，不用时不时的就查看物流信息，京东的送货员更加要给他们点赞，服务很OK，东西都是要送到本人手上的，很让人放心！相信京东的东西都是正品，会一如既往的来光顾的！,正面,服务,京东送货快服务好
手机,0,多得不知道说什么了啊质量不好性能不好不能下载反正都不好啊,负面,质量,质量差性能差无法下载
书籍,1,第一次看到青山七惠的《一个人的好天气》是《青年文摘》上的一段节选，当时就觉得笔下的文字如涓涓小河流淌进心里，淡淡的名单是挥之不去。第一天拿到书的时候，一个人坐在图书馆的沙发上，读着读着就忘了时间，不自觉的觉得自己就是女主角，一起经历着这一年的春夏秋冬欢笑痛苦哀伤，五味陈杂生活就是这样，慢慢流淌，遇到该遇到的人又各奔东西，留下无尽的怀念和记忆，美好而感动,正面,综合,文字优美感人，沉浸其中
酒店,0,硬件差，环境一般，卫生差，没得可说的,负面,质量,硬件差环境差卫生差
平板,1,看视频看漫画真的很爽呀，拿着也不会很累，对我这种近视又不喜欢戴眼镜的人真是太好用了。,正面,质量,轻便舒适适合近视
洗发水,1,价格划算，用着舒服赠送的小样旅游带着特别方便,正面,价格,价格划算使用舒适
洗发水,0,用了几天，感觉没什么效果，头发还是掉的厉害！,负面,质量,头发掉得厉害没效果
水果,0,不想多说什么，找客服，爱理不理的态度，直接上图！怀疑那么多好评的真实性～,负面,服务,客服态度差怀疑好评
平板,0,质量有问题，刚5天就黑屏,负面,质量,商品五天黑屏
平板,0,没发票，快递小哥很给力。,中性,服务,无发票快递好
书籍,1,儿子在刚拿到这套书的时候只是随便看了一眼就放下了，过了几天我看了一遍，发现里面的图画非常生动，每一张图里的信息都非常多，每一只小鸡的表情都不一样，我让儿子看，儿子一下就喜欢上了，一口气让我把6册都讲完，现在每天都要让我讲一遍，他最喜欢卡门，并且还不时指指点点：“看把小羊贝里奥吓的。”我认为这套书的图画真的很棒。又给儿子买了第二辑，在路上，希望一样精彩！,正面,质量,图画生动精彩孩子喜爱
酒店,1,"该酒店硬件与福州\厦门挂三酒店相比差不多,酒店外围绿化环境比别的酒店要大,停车场很宽阔,最让我满意的是酒店介绍的散客自驾游经济\宽松很适合我们散客自助的需求 入住武夷山酒店愉快心情也和这两天的股市大涨分不开的 我个人建议大家到武夷山可以考虑入住这家酒店",正面,综合,酒店环境好适合散客自驾
热水器,1,第二次买了，自己买了配件，很划算，热水器经济实惠 好用！全5分,正面,综合,热水器实惠好用
酒店,0,房间很潮很臭，空调声音很大，效果差！水也很小，房间内只有一个插座且是松动的！早餐贵且不好，品种少，口味差！另外，离地铁口远！,负面,综合,房间潮湿臭空调大效果差
水果,1,送货挺快，送货的小哥态度也好！包装也不错，美中不足是苹果有一点碰伤，不过销掉皮以后还好。,正面,质量,苹果有碰伤但可接受
酒店,1,定了三间标间，入住时发现被安排在二号楼的底楼。进去了感觉不错：宽敞，清洁，无异味。最让人满意的是：整个晚上几乎听不到外面的声音，真是安静。山庄地理位置合理，到灵隐，太子湾，西湖苏堤，虎跑等地非常方便，处在这些景点的中心。环境幽、雅、静是主要特点。好了不说了，再说就会被怀疑为托了。,正面,综合,房间宽敞安静，位置便利
水果,0,这是大果吗！那幺小！还没有水果店买的好！,负面,质量,水果太小不好
衣服,1,新的旧的一共十几件，还有一些在衣柜里面，我还是喜欢前面有个标志的那一件。感觉那个布料更柔软，更舒服。不过现在好像没有了,正面,质量,喜欢标志款布料柔软舒服
衣服,0,加绒，绒在哪里,负面,质量,绒在哪里
衣服,0,衣服质量一般,中性,质量,衣服质量一般
水果,0,皮都干了。。味道全无。。。在京东买了那么多东西。。。就这次评差    因为想尝一下味道。。故没有退货！,负面,质量,皮干无味未退货
酒店,0,总体感觉一般。65分,中性,综合,总体感觉一般
衣服,0,垃圾垃圾垃圾垃圾垃圾垃圾垃圾垃圾垃圾,负面,综合,垃圾产品
计算机,1,"价格比市场上要便宜300左右,外观大气,颜色大气,比较商务,我喜欢. 关于大家说的驱动问题,可以在惠普官方网站上找到,我1个小时就搞定换成XP系统了:",正面,价格,价格实惠驱动易装
平板,1,不错，正是自己想要的,正面,综合,符合预期需求
洗发水,1,洗后头发顺滑，有独特的香味。好好好,正面,质量,洗后头发顺滑有香味
水果,0,苹果好多是坏的，不建议购买。好差的一次购物体验。太失望了,负面,质量,苹果坏多不建议买
衣服,0,码偏小啊?‘,负面,质量,尺码偏小
书籍,1,"春天的季节,没有什么比鸟儿的欢歌更美的声音了.这本小册子图文并茂,带在身边,随时可以识别我们可爱的小精灵,快乐的招呼一声:你好.连并着想到故宫的乌鸦都有了欢喜的感觉.珍惜我们还有这些可爱的朋友,如果看了<寂静的春天>,你一定会感叹错过了永远的失去了,鸟儿.带一本小册子,可以传阅给你的朋友,分享拥有春天般美丽的心情,象鸟儿一样放飞自己.热爱生活,热爱生命.",正面,综合,分享小册子传递春天美好心情
平板,0,买东西看评论上当了！看有3万多好评！昨天买了今天到货用一天就感觉不爽！功能不是那么强大还什么都不送说是平板电脑其实就是一个手机和电脑根本不沾边！！！更可气的是昨天买*垃圾以后再不买这个牌子的所有东西！！！！！,负面,质量,买平板当手机用很失望
洗发水,1,气味芳香，洗完头柔顺，去屑止痒，,正面,质量,气味芳香洗后柔顺
洗发水,1,第一次使用，朋友推荐的！包装完好！快递很给力,正面,综合,朋友推荐包装完好
洗发水,1,老婆说好香，用着还挺好，就是没找到限用日期在哪里，有知道的吗，两大两小，还有个赠品小瓶的总共五瓶都是同一种，弄成不同种类的该多好呀,中性,服务,找不到限用日期位置
洗发水,0,用着一般，洗完头感觉好油 也没有说的那么好,负面,质量,头发油腻效果一般
平板,1,音质很好，老公喜欢的不得了！速度也很快！值得推荐！,正面,综合,音质好老公喜欢
酒店,1,"总体来说还可,主要是正好去办事情，方便.以后基本还是住这",正面,服务,住得方便总体不错
水果,1,***，还算甜，，还不错吧，，好吃以后再买。。,正面,质量,还算甜好吃
衣服,0,好像尺码有点问题，而且基本确定是假货,负面,质量,尺码不符疑似假货
计算机,1,总是Thinkpad系列的，系统的稳定性比较好，散热也做得不错，VISTA界面很漂亮。,正面,质量,系统稳定散热好界面美
洗发水,0,好假，生姜的没有一点生姜的香味和辣味，以后都不敢买了,负面,质量,无姜香味辣味不敢再买
平板,1,不错，给弟弟买的，他很满意，送货速度也很快，昨天下午下单，今天上午就到了。,正面,综合,弟弟满意送货快
酒店,1,总的来说还可以，不过不知是否我比较幸运，拿到的房间电话线路有问题，用不了。钥匙卡又插不进那孔，搞到要把梳子插进去取电。泳池、羽毛球场等设施看来是时候保养或更新一下了。另外碰巧有会议召开，停车场也差不多满位了。,负面,服务,设施线路问题多需更新
蒙牛,0,我们要疯狂一次！！！ @蒙牛提不起精神,正面,综合,疯狂购买蒙牛产品
水果,0,我经常在京东上买东西，这次太让人失望了！说好红色，打开一看是白色的！联系客服问情况，问几句半天才回一句！还说不出个结果！一直推着！,负面,质量,颜色不符客服推诿
洗发水,1,6.18那天下的单，昨天才收到！还没用，感觉挺好的，以前一直都用这个牌子，用后再来评价……,正面,综合,未用感觉挺好
平板,1,评价晒单，为了得耳机，会不会发给我哟,中性,服务,询问耳机是否发货
洗发水,1,好用，价格划算，有活动下次一定还买,正面,综合,好用划算下次还买
计算机,0,预装的vista速度让人不爽 而且键盘感觉有点软 外壳感觉不是那么结实 好像很薄一样,负面,质量,键盘软外壳薄质感差
酒店,1,不能给人什么深刻印象，老五星，价格比较低。。。可以入住。。,正面,综合,价格低可入住
平板,0,发了一个坏的冲电器郁闷,负面,质量,收到损坏电器
书籍,0,贵公司14号发出，为什么到今天还没收到呢？今天已经是26号了.12天了，还没收到书。,负面,物流,发货后12天未收到书
洗发水,1,是正品。和我在远大购物中心买的是一样的！已经是第，n次购买了,正面,综合,正品回购多次
酒店,0,酒店历史悠久，但设备陈旧，还发现蟑螂。四星级名不其实。在上海住过性价比最差的酒店。,负面,质量,酒店设备陈旧有蟑螂
洗发水,1,京东超市发货快，辛苦快递小哥了，VS大品牌值得信赖的！,正面,物流,发货快快递小哥辛苦
平板,0,期间客服来了两次电话，包括晚上快11点还打来了一次，苦苦央求我把退货改成了换货。,负面,服务,客服多次电话求改退货
水果,1,真心不错 新鲜 酸甜 多汁 脆 口感好?,正面,质量,口感好新鲜酸甜多汁
衣服,1,裤子收到了 质量真的挺好的 很喜欢 下次再来买,正面,质量,裤子质量好喜欢
洗发水,1,相信京东，快捷方便，生活好帮手，离不开的生活助手，正品有保障，优惠多多，每天都能发现新乐趣，选品牌选京东！,正面,综合,京东正品快捷方便
平板,0,买给妈妈用的，说好的发票结果没有开，一直没收到，联系客服没有用一直说开了，但问题是我没收到，里里外外都翻遍了，这点让我很不爽,负面,服务,发票未开且客服无果
洗发水,0,假的吧，洗了头痒！正品不会这样的，本来很信任京东的，没想到也是假货遍地！,负面,质量,怀疑商品为假货
酒店,0,公家的酒店，政府机关出差指定的宾馆。到机场很方便，每半个小时班车接送。设施陈旧，房间地毯很脏，卫生间金属生锈。房间里和班车上都是烟味，不开窗户无法呼吸。房间里的无线网大部分时间都不能用，只能去大厅用无线网。客服和大巴司机的态度都很冷漠。就冲着没有无线网这一点，不推荐大家住。,负面,综合,设施陈旧烟味重网不好用
酒店,1,"酒店很好,房间挺大,服务态度特别好.地点也很好,很方便.",正面,综合,酒店好房间大服务佳
衣服,0,衣服上有破洞,负面,质量,衣服有破洞
书籍,1,本来是冲着那个一人一万元去买这本书的很想知道会是什么内容的书会让大家哪么感动并想把他排成电影看完之后也的确是感触非常虽然觉得那个笑着活下去的续其实没有必要去写但是既然大家哪么捧场还是说明了 在战后那个年代坚持 信念还有乐观的心情是多么的重要简单的生活确有滋有味我相信 如果我是这位阿妈养大的哪么也觉得会是个问心无愧的人所以 是本好书,正面,质量,好书值得推荐
书籍,1,减肥，很平常的一件事情，有人说是女人一生的事业。我都26了几乎20岁以后的日子每年都在减肥，储存了一冬天的脂肪到了春天就开始一年的减肥工作，可是真正成功的只有去年减了10斤还很辛苦的感觉。正当的方法加持之以恒的坚持不但是减肥也是做成功任何事情的必要条件。如果是正确该去做的事情就比如减肥不应该是一生每年都在重复做的事情，要做就做一次，有一个信念任何奇迹都会发生。,正面,综合,减肥需持之以恒信念
蒙牛,0,我就说嘛，那些个牛奶都能喝死人的玩意！！上次我说蒙牛就他娘的垃圾，那个 很愤怒，但做不了什么，很遗憾，但改变不了什么，我不爱国。,负面,质量,牛奶质量差令人愤怒
水果,1,卖家包装做的不错，苹果木有损伤，吃起来是甜甜的，大小合适。,正面,质量,包装好苹果无损
计算机,0,天哪，系统难装啊！键盘板那地方我原以为是白色的，收到后才知是银色的，觉得白色的配起来更加好看！,负面,质量,键盘颜色不符预期
酒店,0,还是房价贵了点，如果房价在200就可以了。,负面,价格,房价太贵了
酒店,0,要不是离机场近，房间还干净，这种服务态度这辈子都不想再住,负面,服务,服务态度差不想再住
书籍,1,二十四史，整整63本，中华书局。这些惹人的字眼，怎能不心动啊，象极了小时候买一套连环画的过程：先到书店选好了版本和价格，然后一次次去翻，最后经过多次的比较和选择，最后再寻找机会向父母提出要求。跟老婆要求后，立刻从股票收益里面拿出部分，多买点，这些东西可以留给儿子的，也可以影响他的成长。搬到家后，立刻吧书橱里面的旧书挪到床底，把这些煌煌巨著放在显眼的地方，好一个“喜新厌旧”。,正面,综合,购买二十四史套装并展示
洗发水,1,从大学开始，十年一直都在用沙宣。在京东保障品质的同时，更多的寄托着象牙塔里的情愫！,正面,综合,十年沙宣用户好评
平板,1,买了快一个月了，虽然没怎么用（毕竟不是手机），平板用起来还是不错的很流畅，4g运存+麒麟950，950的cpu部分还是很强悍的，和骁龙820差不多，系统我没有升级到emui5.0，听说5.0现在还有些小bug而且更费电一些，先用一段时间再升级。,正面,质量,平板流畅性能强悍
洗发水,0,全是小瓶的，图片误导消费者，只怪没看文字,负面,质量,图片误导消费者
衣服,1,版型不错，裤子也很合身，没色差。很喜欢。值得购买。赞！,正面,质量,版型合身无色差
衣服,1,两件一起买的，都是厚款，码数。    用的布料不同，颜色差异也很大，两件的线头差异很大，一件很多线头，一件基本看不到    不多说看图,负面,质量,两件线头差异大
平板,1,速度可以内存够用,正面,物流,速度快内存够用
洗发水,0,虽然包装好，赠品到位显得很正规。但作为一个一直在用沙宣的老客户来说，这个绝对不是正品。洗完后发质毛糙，打沫少，味道和浓稠度完全和正品不一样，看来还是不能贪图便宜。,负面,质量,非正品洗后发质差
酒店,1,酒店的服务是不错的，但是硬件不够五星标准，什么都要再收费。晚上的自助餐很值，酒店去市中心的巴士也很方面。如果在住上不想花太多的钱，可以考虑！,正面,综合,服务不错但收费多
水果,1,不错，一直都在京东自营买，快递超棒,正面,物流,京东自营快递很棒
洗发水,0,便宜没好货，都是假的！再也不来了！洗后隔天就痒,负面,质量,假货洗后发痒
书籍,0,帮朋友买的，自己大致翻阅了一下，自己更喜欢曲黎敏老师写的，不过朋友很喜欢。这本书最大的好处就是有一套人体穴位图,中性,综合,朋友喜欢书含穴位图
酒店,1,"酒店处于石老人海水浴场附近，非常优美。好像是2005年开张的，所以还比较新。早餐和自助晚餐都很丰富，火锅是一大惊喜，酱料很齐全，有麻酱，两种辣酱，蒜末等等。不过价钱稍微贵了一些。健身房有点失修，泳池和水疗中心因住客是免费的，非常令人享受。行政套房有宽带台式电脑，浴缸也很漂亮，房里的设备比较精致。Cable只有Star Movies,没有我最爱的HBO和AXN，有点可惜。服务非常好，随要随送。",正面,综合,酒店设施好服务佳价格略贵
蒙牛,1,原本喜欢伊利牛奶，不过喝完蒙牛香蕉牛奶心情豁然开朗。从现在开始，微笑吧，世上除了生死，都是小事。蒙牛,正面,综合,蒙牛香蕉牛奶让人心情变好
水果,0,第三次买购买，质量是一次不如一次，第一次每个都很好，第二次里面就有三个不好的，这次基本都是普通苹果，根本不是花牛苹果。再也不来了，真的很失望。,负面,质量,质量下降，非花牛苹果
书籍,0,就是一些浅显的道理，不过女人多了解一点也没坏处。看一下前言后记就可以了。,中性,综合,浅显道理有益，看前言后记
手机,0,感觉屏幕小点，屏边上的一圈地方没有充分利用啊。再有彩屏机子耗电量是个问题，用2天就要充电了，没有双电双充盯不住用的,负面,质量,屏幕小耗电快不便用
平板,0,开始下单时说是22号到货，可是直到23号下午才送到，垃圾产品，假货，我要的是32G的，收到后发现只有26G，再联系商家怎么都联系不上了，发信息不回，太垃圾了！差评！差评！差评！,负面,物流,物流慢且商品不符
衣服,1,质量不错 大小正合适 发货很快 物流很给力,正面,综合,质量物流都好评
衣服,0,差评，我就说一句，你们的快递是骑自行车来的吗？！别打电话，打就拉黑。,负面,物流,快递太慢让人拉黑
衣服,1,买完之后，发现好贵，在超市19块钱一件，牌子一样款式一样。,负面,价格,同款超市更便宜
平板,0,性能勉强！画质不清晰 充电超级慢，耗电超级快。软件有强退现。买之前一定要选好发票 ，总的来说一般一下。 你们的包裹一万一个吗？寄过来的时候就一个箱子，简单封了一下口。连填充物都没有。下次不敢再京东买了，一次就够了 。,负面,综合,性能差画质差物流差
书籍,0,"误人子弟!我本想买来赠人的,随便翻了几页,不看不知道,一看想扔掉!",负面,质量,质量差想扔掉
计算机,0,1、驱动不好装。 2、快递公司超烂。 3、货没到手就降价了，客服说货物出仓就不能保价了，货到付款的拿到货时可以申请保价（一点都不合理，JD不支持所有地方货到付款，吃亏）,负面,综合,驱动难装快递差价格不合理
酒店,1,作为4星酒店装修虽较陈旧但还可以。客房各等设备齐全。交通以的士为主。到火车站7元，关城10元，还算方便。餐厅服务态度不错，我们回来晚了，餐厅就要下班了，但仍给我们炒了拨鱼子。仅14元的生意，等了我们半天。对前台的服务就不敢恭维，非常不喜欢使用信用卡的旅客。要求我交现金，并告知使用信用卡授权无法取消。被逼无奈，我拿出钱夹给她看，里面只有130多元。这位前台登记人员竞要求我给她100元现金，就没想想我要出去吃个宵夜，打个车咋办？在我的一再坚持下，才使用了信用卡授权。其实在使用授权，及后来的取消授权和结账都非常快捷，没有丝毫的麻烦。但就不明白她为什么不让我用信用卡。就为这点事情足足耽误了好几分钟。还一再让我们在预定房价的基础上加10元可以什么随便打电话，难道我们来嘉峪关旅游就是为了在酒店里煲电话粥吗？我没同意，我告诉他我希望按预定的价格，她说那就没房了，但我说如果你不给我安排，我会去携程投诉。一听这话房子又有了。,负面,服务,酒店前台服务差，强制收现金
酒店,1,总体感觉不错，性价比挺高的，旁边有个银座，银座下面还有个超市,正面,综合,性价比高，位置便利
洗发水,1,非常不错！618物流速度也非常快！快递小哥辛苦了，货也非常好。赞一个！,正面,物流,物流快服务好
洗发水,0,不论产品的真假，这种气味就值一星*庭装一样的气味，难闻死了,负面,质量,产品气味难闻
书籍,0,于丹《论语》心得(易中天作序强力推荐)首先我觉得易中天并非真想给于丹的这部书作序，从那篇文章中丝毫感觉不出他对这部书有什么赞叹，仅仅是不好推脱才写的吧，毕竟是同一节目起家的。其次是本书的内容表面上是写论语心得，而内容仅仅是拿论语做引子，讲一些无关痛痒的话，还有不怎么符合主题的小故事穿插其中。有点挂羊头卖狗肉的嫌疑。在做节目的时候于丹发挥的不错，这是她的教授生涯必备的本领吧，能旁征博引，把论语发挥的足够吸引人，但是真正拿到这本书去推敲的话，实在经不起琢磨，大家可以细细品味一下，反正好多的故事我在网上看过，主题意旨大体知道吧，可是于丹同志的论语心得似乎与主题相差甚远。但是有一点是肯定的，她让论语平民化，让更多的人去关注它，这一点与百家讲坛的宗旨是一致的。既然是“心得”，无可厚非，我也不是说非要把论语一句一句的翻译，搞成晦涩的专业论文，这样跟百姓是没法沟通的，所以论语心得浅显易懂，还是贴近大众的，最大的成就可能就在这里吧。教授有时是会忽悠人的，大家批判的接受吧。,负面,质量,内容空洞挂羊头卖狗肉
水果,1,一直购买洛川苹果，这次看到介绍，潘老板为家乡作广告，为家乡人民致富不遗余力，捧场支持潘老板，一下子购买了三箱，果然苹果很好，个大完整，甜，脆，多汁，苹果是我家的至爱，吃完还回购。,正面,综合,支持家乡致富，苹果品质极佳
酒店,0,从没住过服务这么差的洲际酒店，3/10入住，在前台CHECK IN时被告知携程上的免费洗衣取消了，让再次确认后很久才说还有保留（感觉就会有问题，后面结帐时果然发生），饮料券也是提醒后才肯给。楼层里一股装修的油漆味（10楼），房间非常小，感觉不超过30个平方，到晚上11点后还没送来迎宾水果（感觉这家洲际是所有环节能省就省）。第二天晚洗澡到一半就听到水管一阵抖动，接下来放出的都是铁锈水， 急找毛巾擦干，居然浴室里没有浴巾了，2条都没了。只好用擦手巾擦干，打电话，等了15分钟才有工人上来检查（期间催过无数次），解决办法是继续放水，放了5分钟，说可以洗了，也没见任何酒店管理人员上来表示任何道歉。结帐时同事对账单表示异议 - 收了应该免费的洗衣费，对账单还未签字，前台就把他的卡给刷了，然后本该免费的上网费又要收费，跟大堂副理交涉的结果是让我自己跟携程联系，我用手机接通携程，把手机给副理，她在那打了5分钟电话，才同意退款。（同事那里没迎宾水果）。我把昨晚浴室的事情跟副理反映，答应说尽快答复。目前尚未收到回复。来沈阳前，对北方的服务是了解的，所以在网上订了洲际酒店，原本期望国际品牌连锁酒店，也对住过的其他洲际比较满意，没想到在这家洲际会有这样的遭遇。对这家洲际酒店十分失望，会告诫其他去沈阳的同事们，千万不要住那里！我对以上陈述负责，我的PRIORITY # 271 153 317,负面,服务,洲际酒店服务极差体验
洗发水,0,第一次非常不满意，收到的时候瓶已经打开了 洗发液漏了很多！！！懒得扯皮了，下次要注意,负面,物流,收到时瓶子已打开
衣服,0,你 妈 的 这是外套啊 纯粹雨衣 骗子,负面,质量,外套变雨衣是骗子
平板,0,脑残客服 发票不知道弄哪里去了？ 在那只会发一句话：已经开好了哦， sb 一个 还在那卖萌， 烂货，东西也不好，大家都不要买，退货！,负面,服务,客服态度差发票丢失
酒店,1,"总的来说还是不错的,但服务的态度和水准有待进一步提高",正面,服务,服务态度水准待提高
计算机,0,只有两个USB口，硬盘号称有320G，其实只有280多G。联想大品牌，用了不到一月就出问题，而且我只是在晚上上上网，看看电影，我只会认识是京东出的货有问题，我会告诉我所有的朋友千万不要在网上买东西！！,负面,质量,硬盘容量不足一月即坏
平板,0,我不会告诉你们盖里面就一个盒子东西来了的时候还摇摇晃晃的我还以*m？什么鬼保护都没有还摇摇晃晃的平板？确定不需要加点东西防振吗？我还能说什么里面除了充电器数据线耳机耳机没有连一个硅胶保护套也没有商品旁边的，赠，字也是骗人的什么东西都没有，看着这个大盒子里面一个小盒子就无语了摇摇晃晃的你们确定东西不会坏？这是平板不是砖头就是算砖头快递的话估计也会碎了吧呵呵呵呵呵呵呵真是一次要上天的购物精挑细选了那么久才选了华为结果也是呵呵了怪我？瞎眼了,负面,质量,包装简陋无防震无配件
衣服,0,色差太大了 颜色和图片根本不符,负面,质量,色差大颜色不符
平板,1,平板收到了，京东快递，没得说，服务好，速度快，平板用着很快，喜欢！支持京东。,正面,综合,京东物流快服务好
平板,1,还行吧 挺好的还行吧 挺好的还行吧 挺好的还行吧 挺好的还行吧 挺好的还行吧 挺好的还行吧 挺好的还行吧 挺好的,正面,综合,商品质量挺好
洗发水,1,今天收到货还没用呢，包装挺好，习惯好评，用了之后再追加了,正面,综合,包装好习惯好评
平板,0,不好用，玩游戏卡，欺骗消费者,负面,质量,游戏卡顿欺骗消费者
书籍,1,这本书我是非常非常的喜欢，看了两遍，并且推荐给了很多朋友，还有我的老公，看完后，有种豁然开朗的感觉，对于生活中遇到的许多难缠问题，给出了即简单又可行的建议和意见。建议：自己感觉时间管理混乱的朋友读读看；建议总感觉时间不够用的朋友读读看；建议常立志并且无法立长志的朋友读读看自我感觉，受益匪浅,正面,综合,非常喜欢并推荐，受益匪浅
水果,0,水果竟然没有填塞物，收到已经坏了，京东老客户，第一次差评！！！各种原因3天才收到！快递员倒是可以，但是这包装，我真的想骂人！一共三个，收到看见两个坏的！还有一个没仔细看,负面,质量,水果未填塞且损坏
水果,0,我喜欢吃有脆的感觉。不过每次发过来都已经软了,负面,质量,喜欢脆感但收到已软
水果,1,不知道买了多少次的水果，除了涨了几块钱，质量依旧有保障。感谢快递小哥送货上门。,正面,综合,水果质量保障送货上门
洗发水,1,还没有用，不过包装挺好的，不知道是不是正品，瓶子挺软的,中性,质量,包装好不知正品
洗发水,0,都洒在盒子里里，京东现在怎么也变成这样了啊……,负面,物流,盒子洒了很失望
洗发水,0,换瓶子包装了吗，像假货,负面,质量,怀疑是假货
洗发水,0,不好，不好，不好，不好不好,负面,综合,商品质量极差
水果,0,不是很好吃，味道怪怪的，可能是我吃不惯的吧,负面,质量,味道怪异不好吃
洗发水,0,垃圾垃圾垃圾，一点都不好用。用了头发根本没有改善,负面,质量,垃圾产品没用
洗发水,0,真是太坑人了，双十一买的*，现在*，这价格反差太大了，真是无语，以后再也不买了，气也气死了，什么双十一特价！,负面,价格,价格反差大，后悔购买
酒店,1,前台服务不错。中餐厅的服务差些，健身房早上8：30开放，比较晚。,正面,服务,前台服务不错
衣服,1,裤子很不错，穿着也很舒服，没有任何的色差，料子也很不错，非常喜欢，大爱,正面,质量,裤子舒适无色差
平板,0,促销送皮套就是个噱头，是不是每个人给的回复都是赠品已完？真是气人。难忍欺骗，你早说我就去买人家的了，，差评！,负面,服务,促销赠品虚假欺骗
衣服,0,跟以前买的完全不一样，跟图片也不一样，这么薄奶头都看得很明显,负面,质量,实物与图片不符
水果,0,一点点大，什么东东，好差的苹果，这有庆子哪么大,负面,质量,苹果太大质量差
书籍,0,这本书没有想象中好，书的中心意思用两句话就可以概括“只要孩子愿意，父母每天都要陪孩子亲子阅读，而且亲子阅读越早越好”“父母要给孩子树立阅读的榜样！”。,负面,质量,书内容浅显，不如预期
平板,1,看电视的理想之选。下载了小伴龙。没办法玩，卡。 其他问题暂时没遇到,负面,质量,下载小伴龙无法使用
计算机,0,硬盘只有一个C区，为什么呢，而且在下载更新时，竟然说联想在改变软件更新的方式，不能更新，不明白。,负面,服务,硬盘分区异常且更新受阻
水果,1,包装特别好 快递员也特别亲切 打了两次电话让我及时找快递，给个赞。苹果比较小 但大小刚刚好,正面,综合,包装好快递员亲切苹果小刚好
衣服,0,颜色发的不对，衣服料子不舒服,负面,质量,颜色不对料子不舒服
书籍,0,《孟子》中说是古代祭祖宗时，女人煮好“太牢”（祭奠用的牛羊猪三牲）之后，放在碗里，碗再放在大方盘上。女人手托方盘，庄重地走到祭坛边；主祀的男性家长从方盘上端起祭品，置于祖宗灵位之前。祭品交接时，男女手指不接触，一派肃穆气氛。这就是“男女授受不亲”的由来，不知后来怎么会理解成男女在在必须回避。有位熊姓教授，给学生讲《道德经》，居然解“太牢”为监狱。这个学校甚至抢在人大建立国学院之前，先设置了一个“道德经研究中心”，由熊教授任主任。或许孔老夫子对此早有预见，他为后人指出了一条钻研典籍的后备途径：“礼失而求诸野”。不少所谓的“今译”，把《论语》开篇第一句“学而时习之”译为“学了之后经常温习”。作者不知道“习”字本义是飞鸟频频拍动翅膀（繁体“习”尚可看出一点本义），这里是“习俗”之“习”，孔夫子还有学了经常用的意思。这一解释有根据吗？有根据的。第一个把《论语》译为英文的英国人理雅各（James Legge，1815－1897），将这句话译作“tolearn with a constant perseverance and application”，即对学习要始终坚持并经常应用。幸好幸好，西方的汉学家先驱，早已把华夏文明的主要典籍译为外文。他们翻译的时候，还有饱学硕儒可咨询，至少保留了文本的传统含义。当北大的专家们都在口诵孔夫子却心系孔方兄时，我们想读点古文，想了解先哲前贤的洞见，是不是只有去找海外汉学家的解说了？（以上摘抄自李雾《国学场现形记》）,负面,综合,批评国学研究误读经典
计算机,1,绝对超高的性价比，完美屏，日常办公绝对够用，外观不错，带出去绝对被人误解高档机,正面,综合,性价比高外观高档
水果,0,苹果可不咋地 不要标是天水的 天水丢不起这人,负面,物流,苹果质量差别天水
书籍,0,"不怎样好看,有点失望了.上下集都不好.",负面,质量,上下集都不好看
平板,1,很不错啊，买了3个多月了吧，才来评价确实是为了京豆，不过机器真的很好用,正面,质量,机器很好用
酒店,1,酒店地理位置、硬件水平都不错，尤其是卫生间比较舒适。前台服务态度也好，前台接待一律佩共青团徽章上岗，现在可不多见。早餐品种不算太丰富，而且携程的价格太高。我亲眼看见其他一些公司协议价比携程价低至少50元。总体而言值得推荐。,正面,综合,酒店硬件好服务佳但价格高
书籍,1,这本书最大的优点是所有的儿歌都很顺口，不是很长，一般读一两遍都可以背下来了，毕竟给宝宝念儿歌，一边念还要一边拿着书很不现实嘛；还有就是这些儿歌都有一定的教育意义，听得多了对宝宝的行为习惯还是有一定好处的。而这本书的缺点就是纸质不怎么好，被我宝宝（半岁）抓在手里一下就撕烂了，唉。,负面,质量,儿歌顺口有教育意义但纸质差
水果,0,我自认为能吃酸的人都觉得酸的不行，还苦，没以前买的好吃,负面,质量,味道酸苦难吃
衣服,0,假的，好像穿过的，现拿出来卖的，我擦,负面,质量,商品疑似二手翻新
平板,0,毕竟价钱在这，屏幕无缘无故的就裂了，用了这么多年手机特别卡是真的手机，换了那么多，第一个屏幕碎了的，反正买来的目的也就是为了打电话，到货的第一天就降价五十，不多评论，买的好伤心,负面,质量,屏幕无故碎裂手机卡顿
酒店,0,我预订的这个房间是这个宾馆最小的房间，也是我住过的所有酒店中最小的，小到不能再小。没有衣橱，没有茶几，没有浴缸。我一共住5晚，入住第3日半夜1点40分有按摩小姐敲门，打电话到总台投诉，虽说立刻有保安过来，但未得到宾馆任何道歉。,负面,服务,房间极小且遭骚扰投诉
衣服,1,买的时候以为很厚其实很薄，裤子有点偏大 一般穿31码刚刚好,中性,质量,裤子偏薄偏大一般
酒店,0,设施简陋差劲，地理位置没有想象的好，餐饮一般，服务态度有待改进，性价比差。,负面,综合,设施差位置一般性价比低
平板,1,"买给老爸用的,屏幕够大,他老人家超喜欢.",正面,质量,屏幕大老爸喜欢
平板,1,感觉不错，不太懂，给小孩买的。,正面,综合,感觉不错给小孩买
平板,1,性价比超高，大赞，支持国货。,正面,综合,性价比超高支持国货
平板,0,连无线网，网速还没手机快，而且运行不是很流畅,负面,综合,网速慢运行不流畅
衣服,1,质量真的不错 上身效果更好 非常满意的一次网购,正面,质量,质量不错上身好
洗发水,1,618买的，加上代金券，比超市便宜太多了。就是不小心买了油性头皮适用，希望不会太干燥吧。,正面,价格,价格优惠但担心头皮干燥
平板,0,手机带电不行，一天都不到，不知道是不是翻新的,负面,质量,手机带电不行疑似翻新
衣服,1,不错，很好，望商家继续努力………………,正面,综合,商品不错望商家努力
水果,1,很好的卖家。谢谢喽。我的同事们都很喜欢呢。下次再来哦,正面,服务,卖家好同事喜欢
酒店,0,酒店真的一般，手机信号不稳定，无线网络连不上，卫生不好，唯一优点离机场近些，价格588，个人觉得不值啊?,负面,综合,酒店一般，信号差，不值
洗发水,0,刚买了没几天，降价*，差评！！！！！！！！！,负面,价格,刚买降价差评
书籍,0,作者有明显的自恋倾向，只有有老公养不上班的太太们才能像她那样生活。很多方法都不实用，还有抄袭嫌疑，没意思，没买的可以省省了。,负面,综合,内容抄袭且无实用价值
衣服,1,啥玩意，裤子一般，这么大品牌还有这样情况！,负面,质量,品牌裤子质量一般
平板,1,平板很不错流畅，给小孩玩玩游戏看电影不错,正面,综合,平板流畅适合小孩娱乐
衣服,1,裤子不错，穿上很舒服，很暖和。,正面,质量,裤子舒适暖和
平板,1,速度还可以，分辨率不是很高。用来跳健美操的，还可以吧。这个质量也算对得起这个价钱了。发货速度非常快！,正面,综合,速度质量价格都还可以
酒店,0,很好的地理位置，一蹋糊涂的服务，萧条的酒店。,负面,服务,服务差地理位置好
平板,1,快递很给力，服务很周到，刚开始收到的产品有点小问题，跟客服沟通后，很快换了一个新的，服务挺满意的，昨天刚收到平板，正在使用中～,正面,服务,快递好服务佳换货快满意
平板,1,昨晚22：30下单的，今天上午上午10点就到货了，物流超给力！看视频要调到高清或者720P就很舒服。,正面,物流,物流快视频清晰
洗发水,1,一直用沙宣，柔和不伤头发，信赖京东。,正面,综合,信赖京东沙宣护发
衣服,1,裤子收到啦！非常好，料子也特别棒。穿在身上也特别地舒服，舒适，是一次非常满意的购物。,正面,综合,裤子舒适满意
平板,0,卡出翔，到底是不是3G运行？,负面,质量,运行卡顿疑似故障
衣服,1,大小合适，跟图片一样，做工很好，质量不错，和描述相符。卖家服务态度不错，发货速度快，包装仔细，很满意！,正面,综合,质量做工好服务佳
水果,0,不知道怎么样，还没有吃，但是不新鲜是真的，尾部哪里都焉得很，以后不会买了。。。。。。。。。。。。。。。。。。。。。。。    。。。。。。。,负面,质量,商品不新鲜已烂
平板,1,包装比较简单，不过产品还是挺好用，以前用的x1，用了两年，现在换x2,正面,质量,产品好用性价比高
酒店,1,搂里有个 鸭王烤鸭，地段好，在徐家汇地区，这个地段价格还可以的酒店也就这家了。补充点评 2008年4月1日 ： 我们找了下这个价位的，这个地段的，没找出第二家。没竞争。唯一的天平宾馆，也是比不上它的地段。,正面,综合,地段好性价比高
衣服,1,裤子质量挺好的，无色差，料子摸着挺舒服的，大小合适,正面,质量,裤子质量好无色差
衣服,0,头一次给差评.,负面,综合,首次给差评
水果,0,我收到都坏了，刚收到，打开一看全坏了,负面,质量,刚收到商品全坏了
酒店,1,交通便利，价钱算是国际展览中心附近偏低的了，参加展览会入住这里还算合适。就是酒店前台把我在Ctrip的预定信息搞错了还死也不承认，服务人员的素质差了点。,负面,服务,酒店前台服务差态度恶劣
平板,1,不可以打电话的。音质特别棒！音效没得说啦！系统很流畅，体验很棒，性价比很不错的！,正面,综合,音质棒系统流畅性价比高
酒店,0,其他不说，态度相当差，不是考虑近，打死不住,负面,服务,态度差拒绝入住
手机,0,不支持JAVA，现在这个功能很流行，许多游戏和图片都是可以免费下载的，但无法在U88的身上实现了。短信输入时，联想到的词组不是很多，有些不方便！摄像头位置设计得不合理，拍照时，实指很容易挡住摄像头。,负面,综合,功能缺失设计不合理不便
酒店,1,房间总体环境不错，而且还有提供免费上网，现在入住价格还可以，不过现在可是大连的旅游淡季了．但是有一点：就是早餐不但没含房费里，而且３２元的价格也不低，但是内容实在是很简单．,中性,综合,环境好但早餐贵且简单
平板,1,东西收到了，快递很给力，迫不及待的拆开包装，感觉整体机身各方面都挺不错的，这个价位，我觉得物有所值,正面,综合,快递给力物有所值
酒店,1,"酒店环境还可以, 就是办理入住手续很慢, 帮朋友定的,说是房间可以.",中性,服务,入住手续慢
水果,1,每个苹果都包起来的，很新鲜没有烂，味道也不错，一次一个正好,正面,质量,苹果新鲜无烂味道好
计算机,1,不过装vista系统是最好的，我安装了两次不同的ghostXP都有些小问题，最好只能装vista现在还未发现不妥的地方,正面,服务,推荐vista系统安装
洗发水,1,货已收到，昨晚上才下的单，真心快都不敢相信这么快就到了，快递小哥的态度不错，洗发露的香味不错喜欢。必须的五星好评,正面,综合,物流快态度好产品喜欢
酒店,0,交通方便，转机方便，价格贵，房间设施差，早餐更差，卫生不行！接送司机的车很破，啥都响！还不理人，他以为是天兵，头抬得很高！！！！！,负面,综合,交通方便但设施差服务差
酒店,0,"对于公寓式酒店，一般期望也不会太高，不过不失就可以了。可惜的是入南油后就极度失望，房间是够大，但装饰老土和低质量(我住的是豪华二人套房)，不推荐住这个酒店！！最可笑的是那种""套票""，多付了六十元打算可以打几局保龄球，Check-in的时候给了我那些保龄球赠券，搞笑的是这些""赠券""是不能在星期五、六及日用的...天呀，Ctrip office又没有提醒，白白多付了六十元，虽然不多，重点是让我和女友很气愤，难道要平日跑去珠海""打保龄""吗？那些赠券我仍然保留着，想看看南油和Ctrip.com有甚么好解释！！！",负面,服务,酒店装饰低质，赠券限制多付钱
酒店,0,早餐没有过去好！服务也比过去退步了。,负面,服务,早餐变差服务退步
衣服,0,这裤子应该叫紧身裤,中性,质量,裤子款式像紧身裤
平板,1,外观，手感，处理器也好就是容易发热,负面,质量,产品容易发热
洗发水,0,很不爽……我昨天买*，今天就卖*！价钱这样变。怎么让消费者满意，又不能补差价，还是*，价格如果有差，还会补回给消费者！第一次在京东买，也是最后一次。,负面,价格,价格变动未补差
衣服,1,裤子真的很棒，客服推荐的尺码也很合适，找了好多家才选择了这条裤子，真的没让我失望，送给朋友了，他很开心，物流也棒棒的！还会再来的！,正面,综合,裤子质量棒客服好物流快
水果,0,首先苹果24个没错，但是只有15个还算正常大，还有9个就比鸡蛋稍微大点，说好的10斤…份量也不对，我也懒得折腾了，大家要买的自己看着办吧！,负面,质量,份量不对懒得折腾
水果,1,苹果大而脆，好吃。几个果子大小均匀，无一个烂果，赞?。,正面,质量,苹果大而脆，无烂果
洗发水,1,习惯用沙宣，京东购这次物流慢点。,负面,物流,物流太慢
热水器,1,已经是第三次光顾了，买了6台了，昨天收到还没安装，应该不会错的，先给好评吧。,正面,综合,多次回购好评
洗发水,1,看着还行，还没有用，但是一点没便宜，希望东西好吧,中性,价格,未用但嫌贵
水果,1,商品包装完好，一直的好品质，可是发现有个别的，好像被摔坏，摔伤，但是还是要感谢快递员的辛勤劳动，谢谢你！，辛苦了,正面,质量,包装完好但个别商品摔坏
酒店,1,"房间很小,酒店比较酒,但服务很好.风景还可以.前台的小妹服务周到也很漂亮",正面,服务,服务周到风景不错
酒店,0,我订的行政房，房间很小，而且楼比较旧，除了能上网没觉得跟普标有什么差别。酒店本身也很小。,负面,综合,房间小旧无差别
水果,1,很好吃啊，就是有不少都是磕坏的，表面上看好好的，削进去就看到磕碰的那种坏，包装的流水线是不是不够先进啊,负面,质量,商品磕坏包装落后
水果,0,狗屁京东狗屁物流什么东西都没收到就帮我签收啦,负面,物流,虚假签收未收到货
衣服,0,失败的一次购物，颜色超级差,负面,质量,颜色差购物体验失败
水果,1,甜脆，物流超快，就是太大个了。,正面,物流,甜脆物流快但太大
计算机,1,1、配置强大，基本算是顶级配置了。 2、做工精良，工艺不错。 3、屏幕、显卡和内存都是用的最新一代的技术。 4、小音箱效果很好,正面,综合,配置顶级做工精良效果很好
水果,0,水果很不新鲜，果皮和底部发霉腐烂，外皮是很干的    太烂了，发霉了，以次充好，再也不在京东上买水果了,负面,质量,水果发霉腐烂以次充好
水果,0,上当了，苹果出乎预料的小！味道也一般！几年前在兰州，大街上买的都是糖心苹果，这个没有！可能潘苹果就是特点吧！,负面,质量,苹果小且味道一般
计算机,1,音质不错，电池续航能力也可以，3dmax2001跑了14000多分不知道加内存以后会是什么样子。,正面,质量,音质好续航强
平板,0,不好玩，狂野飙车8玩不了。看图没有自动旋转功能很别扭。看电影也不清晰卡的很。,负面,质量,游戏卡顿且功能缺失
酒店,0,太老的酒店了，更应该定义为旅馆，不太习惯床品、毛巾用品旧旧的，即便是自带毛巾，看着也不舒服。一股发霉的地毯味，很闷。早餐38也非常少，其实哪怕少几个菜，多几样粥也行。下次不住了。,负面,综合,酒店陈旧霉味重，早餐少且贵
蒙牛,0,蒙牛真果粒喝出腐败椰果！！好恶心……有图为证@一起看圣经,负面,质量,喝出腐败椰果
酒店,0,"小木屋的隔音相当差,而且房间间隔很近,门口就是过道.由于游客的作息时间都不一样，所以被隔壁洗澡，冲马桶,早上起来看日出的声音严重干扰.房间门口就是公共过道，隔壁一个韩国人半夜跑出来打电话，叽里呱啦的不知道说什么,我出去用英文请他离开.还好他识趣的走开。房间还行,就是床小了，只有1米宽.有热水,热水很热，不错。",负面,综合,隔音差噪音大床小
热水器,1,顺丰中午到家，傍晚售后就冒着大雨来安装了，安装免费，就收了20的拆机费！很给力，家人特别满意！售后服务也很好，从安装前到安装后，都有电话。,正面,服务,顺丰安装免费售后给力
平板,0,电池电量，通话信号不怎么好！,负面,质量,电池电量通话信号差
酒店,1,房间真的很一般，早餐品种不是很多，没有什么突出的地方,负面,综合,房间一般早餐少
平板,1,帮朋友买的，物流超级快,正面,物流,物流超级快
酒店,1,"亚运村地区, 以这个价格, 还是相当不错的.交通方便, 楼下的酒楼很有特点(味道江湖),日日客满, 8:00PM以后有表演, 相当不错,来晚了占不到座位.",正面,综合,亚运村性价比高，交通方便
酒店,1,"面对鸦绿江大桥,附望远镜,还有飞镖,设施没话讲!下楼就是风景区很不错!",正面,综合,设施不错风景好
书籍,1,这本书需要好好读，一读再读才更好地领会其中的秘诀。我觉得主人公碰到的问题往往也是我们自己的问题，只是我们很少表露给外人知道，于是把很多东西压抑在心里。幸运的是她遇到了以为智者。我也是一个十分需要这种明灯指引的迷途羔羊。生活变化多端，经常因为小事就弄得心情极差。我想大概这种郁闷的胜肽在我身上已经扎根了。我也希望多看多几遍，好好享受生活。,正面,综合,多读好书感悟生活
手机,1,屏幕效果很好！很清晰，这点最令人满意！接口有橡胶，可以避免尘土进去，减少机子的寿命！支持多种铃声，一般格式的音乐都可以播放！发彩信也放便，不仅能发图片，还能发音乐和视频；而且速度也挺快的，没有因为文件大就慢腾腾的；能够即时和朋友分享到乐趣！还有，用着感觉功能比较齐全，没有缺少什么或借助其它的需求！,正面,综合,屏幕清晰接口好功能全
洗发水,1,应该用不错吧！买这么多用哈！,正面,综合,表示商品不错
平板,1,这个平板呢，除了大黑边，几乎是完美的。曼哈顿的音响看电影，打王者都是很震撼的。后面的金属背面手感也是非常不错。 屏幕质量已经算不错了。打王者的时候基本没卡除了网络原因。学习的时候看ppt什么的单手拿看着很棒。,正面,质量,平板整体表现优秀
平板,1,不错不错不错不错不错不错不错不错不错不错不错不错不错不错不错不错！,正面,综合,商品质量非常好
手机,1,我使用了有2个月了，感觉一直很不错，我也向我的朋友推荐这款机子。,正面,综合,使用两月感觉很好
酒店,1,"外环境不错,酒店有好几栋楼，挺赏心悦目的，大厅挺安静，布置也很有点小资情调，可能是黄金周刚结束的缘故吧。我住的是主楼２４０元的房间，四星级这个价格在国内应该很值了。早餐是自助的，以中式为主，品种挺多，挺适合咱中国人的胃。结账时才知道还有更经济的附楼（好像叫展鸿楼）的房间只要一百多元，不过未挂星。（大门还在改造）下次去试试。值的推荐呀……补充点评 2007年10月10日 ： 对了，还有免费水果，很温馨的感觉，宽带速度也很快。",正面,综合,酒店环境好性价比高值得推荐
衣服,0,与图片不符、太差了，可以退货么！,负面,质量,与图片不符太差
酒店,0,来长春之前，查阅了携程的很多酒店评分，感觉这个还算不错的，但是入住之后感觉很失望：1、房间门坏了；2、空调不好；3、房间陈旧；4、服务一般。。。。总之性价比很低，早餐还算可以。,负面,综合,房间设施差服务一般性价比低
酒店,1,房间很大很舒适，服务也很好的，价格也是五星里面算便宜的,正面,综合,房间舒适服务佳价格实惠
洗发水,0,使用中，效果待验证,中性,综合,使用中效果待验证
水果,0,不值这个价 男朋友都说我买上当了 不过快递大哥服务特别好 给个五星。,正面,综合,物有所值快递服务好
平板,0,下午到货，晚上就降价，还不能走价格保护，说有赠品，我看到的时候明明降价后也有赠品。现在赠品派完了告诉我赠品值*块，这解释也没有谁了。真失望。,负面,服务,赠品价值低且无保护
洗发水,1,昨天买的，今*有点小不爽，虽说可以退货再买，就不倒腾了，东西还是不错的,负面,服务,东西不错但退货不爽
洗发水,1,京东购物，方便快捷，还比超市便宜,正面,综合,京东购物方便快捷便宜
衣服,1,很好很好！合身，面料不错，款式也漂亮大方，超级喜欢！买到满意的宝贝心情也好，还会再次光顾。,正面,综合,面料款式好喜欢
酒店,0,为保护环境，第二天我没要求换床单等，但床还必须要整理好。他们只是草草搞了一下，皱巴巴的，实在达不到四星。二星还勉强。价格系统与国际惯例相差甚远。给我留下的印象这是一家黑店，能斩到一个就斩一个。希望其他要入住该酒店的客人要对其价格从各种渠道，各时间段认真核对，才下订单。如有必要可随时撤单，以免挨斩。,负面,综合,酒店服务差价格高
水果,0,16个苹果几个坏，第五次购买了失望,负面,质量,苹果坏多失望
水果,0,太小了，真的是太小了。我也是无语了。下次不会再光顾了,负面,综合,商品太小，不再光顾
酒店,1,房间还是不错的，住的枫丹白露，房间很大，比较有特色，有比较齐全的厨房设备，如果一家人出去玩可以买一些简单的食物自己烹调。不过服务要差一些，我们住了两天居然没有人来打扫房间，住了很多家酒店只有这家是这样的。后来问了前台，前台答复这里主要是会所，不太有经验。总体来说态度还是不错的。早餐比较差，除了包子就是花卷，两天都是这样，一碗白粥、一杯牛奶，因此三天的正餐都不敢在这里吃。还好离县城不远可以选择到县城吃，或在路口吃农家饭。不过出去玩住着还不错，很安静，周围都是别墅，门口有保安，相对安全，走出去不远就是红螺湖，我们沿着山路开车上去，走到有水的地方就停下休息，玩的很好。怀柔人民越来越会做生意，凡是能停车的水边全都有人“把守”，需要按人头收费才能玩，每人5元，价钱不高，但总让人有点感慨。总的来说五一还是很愉快。酒店人不多，下次可能还会选择。,正面,综合,房间好服务差早餐差总体愉快
酒店,1,友谊宾馆环境优美，空气新鲜，硬件设施还可也，服务比较到位。瓦西里酒馆俄式大餐非常有特色，这里外国人非常多，住在这里如同在国外度假。距宾馆专用海水浴场三分钟路程，跟宣传的一样，我来过北戴河多次，这里环境是最好的，下次来北戴河我还会选择这里。,正面,综合,环境好服务佳设施佳
酒店,1,性价比较高。服务态度也还行。房间小点。比较难能可贵的是，在火车站附近的宾馆晚上居然都没有骚扰电话！值得表扬！早餐相对简单，一般话。,正面,综合,性价比高服务好评
计算机,1,"买优派就是因为它是专门做显示器的,其他的东西各品牌都差不多,也都不是自己做的,没有让我失望,虽然没有什么可对比的,自己感觉挺好的.另外250G的硬盘确实也显得更实惠.外形说的过去.电池3个小时中规中矩,虽然感觉有点对不起六芯电的称呼.",正面,综合,显示器实惠外形好电池一般
蒙牛,0,我连伊利的都不买了。。。 回复 大陆肯定是没有了。。。 好恐怖啊！还有什么让人放心的品牌吗？！ 以后坚决不买蒙牛！傻 怎么还有人买蒙牛 蒙牛需要倒闭,负面,质量,质疑伊利蒙牛品牌
洗发水,0,东西真心不怎么行，洗完还要有很多头屑，估计是假货,负面,质量,假货头屑多不行
酒店,0,真的太差劲了！！！图片都是骗人的吗？脏脏的破沙发和地毯让人看着恶心，马桶是没人打扫过吗？人体秤脏不脏的你能看见，就说这一直停留在70公斤处就**～～～如果有零分绝不给一分！！！ 还有破电话！！！,负面,质量,商品质量差令人恶心
洗发水,0,洗了头皮发痒，还没海飞丝好,负面,质量,洗后头皮发痒
水果,0,买了三个，坏了两个，想联系客服，找不到入口，真的是个坑，希望客服看到能给个说法！,负面,服务,买三坏两找客服难
洗发水,1,上午下单，下午到，不得不说京东自营的物流效率，快递小哥辛苦了，洗发水第一次用，以后评价～,正面,物流,物流快洗发水待用
平板,1,很好，京东送货就是快！真的很快！,正面,物流,京东送货速度很快
酒店,0,真心一般。1、前台服务太生硬；2、和携程之间沟通存在障碍，还要我自己打了好几个电话解决；3、早饭品种少且味道一般。,负面,服务,服务生硬沟通难
平板,1,屏幕稍微小一些，但手感不错，用起来很舒服,正面,综合,屏幕小手感好
酒店,1,地段很好，很方便。服务也算不错。这个价钱还是非常值得的。,正面,综合,地段好服务佳物超所值
手机,0,机身残留塑料感！做工也不够精细！动画菜单新鲜有创意，但操作麻烦！铃声音量偏小，在热闹的环境不易听到来电铃声！屏幕在强光下，文字显示得不太清楚！拍照效果说不上很清晰！拍照功能简单！无自拍镜！内置无相片处理软件，无法DIY照片！不支持JAVA！无蓝牙和红外功能！下载不方便！,负面,质量,做工粗糙功能缺失体验差
水果,1,是新鲜的果子，表皮没有喷腊保鲜，个头虽小但又脆又甜。喜欢他，推荐它给大家品尝。,正面,质量,果子新鲜脆甜推荐
平板,1,质量蛮好的，包装不错，发货速度快,正面,质量,质量包装发货好
衣服,1,一次买三件，质地还行，有点薄,正面,质量,质地还行有点薄
酒店,1,宾馆采用地热取暖感觉很舒服，整个酒店很暖和，前台服务周到，态度很好，早餐自助方式，还不错，我住的是商务间，淋浴房由于没有门，水会出来，是设计的问题，另外，房间的灯太暗了，其实换瓦数大一点的灯泡就可以了。,正面,综合,酒店服务暖舒适，设施有改进空间
热水器,0,厨宝还好吧  但那赠品送了也跟没送差不多,中性,服务,赠品实际价值低
衣服,1,这款裤子不错，平时我出入各种场合都喜欢穿你们店里这款裤这款裤子不错，平时我出入各种场合都喜欢穿你们店里这款裤子，穿着舒服面料也好子，穿着舒服面料也好,正面,质量,裤子舒适面料好
洗发水,1,常用这个牌子，不错。价格实在，东西多，下次还来。。。。。。。,正面,综合,品牌不错价格实在
计算机,0,我购买了 ACER 4935G 的 都是LED屏幕，质量明显不是一个档次。这个4736Z的屏幕似乎是一样的，但是仔细看效果差很多，我都怀疑是雪花屏了。,负面,质量,屏幕效果差疑似雪花屏
书籍,1,这是买的第二本，都是送给好朋友的~~~~,正面,综合,第二本送给好朋友
衣服,1,洗过之后没有掉色，也不会起球，质量不错，下次还来哈哈！,正面,质量,洗后不掉色不起球
手机,0,1，不支持CF卡和设备，无法扩充CF卡GPS等设备2，屏幕在这个档次的机器中比较小，色彩一般3，摄像头效果很差4，抗震能力很差，摔的时候，很容易丢失SD卡，同时侧面的放笔槽，很容易变形，笔就放不进去了5，不带无线网卡，兰牙也不支持无线网络6，标配软件不够丰富，许多常用软件需要自己安装7，内存释放功能不好，经常需要重新启动8，价格昂贵,负面,综合,功能缺失多且质量差
水果,0,第一次买 一点都不新鲜 其中一个都已经裂开了 有些烂了 差评,负面,质量,商品不新鲜已裂开
衣服,1,裤子质量不错，穿着也挺舒服，下次还会再来的,正面,质量,裤子质量好穿着舒服
平板,0,一点都不满意 刚满10天 从40公分高的床掉下来手机屏幕都破了。这个型号的太水货了。下次不买这种手机了,负面,质量,手机从床摔坏屏幕
洗发水,1,清扬(CLEAR)男士洗发露 活力运动薄荷型(去屑+清爽)500ml(洗发水)价格比超市实在。,正面,价格,价格比超市实在
衣服,1,黄渤:“班尼路，牌子!”哈哈哈哈，很好很满意，咱这身材差没肌肉块子，就别买那种修身版型的衣服。不是毛头小伙子，就不再买带图案的衣服了。就这种很合适，价格也不贵。,正面,综合,版型合适价格实惠很满意
蒙牛,1,多喝点蒙牛，啥事都不怕了,正面,综合,多喝蒙牛更不怕
平板,1,物流很快，挺好的，大小刚好。手感也不错,正面,物流,物流快，手感好
计算机,1,性能搭配还很好，速度还可以，使用很方便 第二、无法更换XP系统，更换后老是启动不了，而且官方提供的驱动也不全，有很多硬件无法识别，没有办法还得更换喂死他。内存一开机就占用50%，cpu老是能够使用到60%左右。,负面,质量,系统难换驱动不全
水果,0,简直是垃圾，就是苹果园地方捡的都比这个好,负面,质量,质量差不如苹果园捡的
洗发水,1,包装很严实，快递小哥的服务态度不得不给满分，日期新鲜，应该是正品哦,正面,服务,包装严实服务满分
酒店,0,房间地毯超级脏、竟然有指甲！电话还是坏的,负面,质量,地毯脏有指甲电话坏
计算机,0,2.现在为什么订单要等货物审核才可以支付，我要老等的。我就直接网上支付不行的。 3.电话服务老让人等的，请增加服务人数,负面,服务,支付审核慢服务差
水果,1,苹果味道好，目前吃了两颗，味道不错，上次买了一次佳农的，四五个黑心的，太坑人了！,正面,质量,苹果味道好但上次买黑心
酒店,1,"我订的是318元的,但我觉得240元的风格更好一些,有一张可以半卧的沙发.建议大家订普通间!",负面,价格,建议订普通间更划算
酒店,0,就是离机场近，没有其他优势！,负面,综合,离机场近无其他优势
平板,1,样子挺好，就是看电视有点卡，不知道怎么回事，其他手机平板看都不会,负面,质量,电视卡顿不知原因
衣服,1,裤子收到了 好好啊 老公非常喜欢 大小正合适 还会继续关注的,正面,综合,裤子质量好评老公喜欢
水果,0,非常不好的一次购物。失望。再也不会在京东上买水果了。和水果超市同样的价钱 但是个小 烂的烂 青的青。如果有时间还是要去超市自己购买。很不值。不新鲜 味道一般般。如果对生活品质有要求，还是不建议购买的。,负面,质量,水果烂且小不值
洗发水,1,买了两套，划算。还送了一瓶精油,正面,价格,买两套划算还送精油
书籍,1,不过，对于一些阴谋论调，将信将疑，网上一搜，大家议论纷纷，我想写的最详尽的当属天涯的这篇了吧http://cache.tianya.cn/publicforum/content/develop/1/140524.shtml学术争鸣是好事，不过回头想想，这本书的确有点小说版的正史,中性,综合,评价书籍内容像小说版正史
蒙牛,1,崭新的一天又开始了，其实，生活是挺美好的，自己一个人也可以过得很快乐，这一切只源于我的知足常乐。不攀比，不嫉妒，不在乎的心态得继续保持下去，我要做个永远都快乐的人儿早上，先喂饱自己，蒙牛真果粒牛奶+遂溪地道猪肠粉，美味又健康全世界，早安！,正面,综合,知足常乐独自生活快乐
平板,1,用着还可以，黑边看着看着就习惯了,正面,质量,黑边使用习惯化
计算机,0,系统好装，驱动难找，性价比不错 谁找全驱动的共享下QQ6930454,正面,综合,系统好装驱动难找
平板,0,垃圾别买 如果要买先来瓶后悔药??,负面,质量,商品质量极差
平板,0,掉价太厉害了，30天保价写的都是放屁的，客服他MD差劲,负面,价格,保价失效客服差劲
手机,1,1、作为一台两千元级别的彩屏机，能拥有11万像素八倍数字变焦功能的数码摄像头，相信这已经是很了不起的事情了。 2、内置海量1000条的电话本记录，和强大的多国汇率换算功能，强大的商务功能表现的淋漓尽致。支持红外线及专用USB等等外接功能和可玩性颇高的游戏.,正面,综合,功能强大，表现优异
衣服,0,退货退货，没办法，这衣服太皱了,负面,质量,衣服太皱了无法退货
衣服,1,裤子质量好，没有色差。尺码也标准！做工很棒！    只是从广州到东莞用时稍微久了点，?,正面,质量,裤子质量好无色差
平板,0,手机设计很垃圾，音量键在中间，经常误按。流量信号很不好。经常断。我之前的三星不会这样。相同的环境。别说我路由器的问题。大家不要买。,负面,质量,手机设计差信号差勿买
洗发水,1,信赖大品牌，个人觉得那些无硅油洗发水效果也一般，比较信赖沙宣。毕竟是老品牌了。送了几只小瓶装，外出旅游很好用。开心开心,正面,综合,信赖沙宣洗发水品牌
酒店,1,环境交通都不错，房间也可以，下次还会再来,正面,综合,环境交通房间都好
衣服,0,差评，售后态度太差了，问了几百次退货运费的事，都是稍等，不靠谱。,负面,服务,售后态度差，运费问题不靠谱
计算机,0,"预装的是Linux,不是xp，给客服打电话说不能换操作系统，要不就不保修了，哪有这样的道理，没有光驱还得买外接光驱，不方便",负面,服务,系统不符且换系统不保修
洗发水,0,价格根本不便宜！秒杀是骗人的！,负面,价格,价格贵秒杀骗人
水果,0,这是火龙果吗？还能吃吗？几十块钱买俩火龙果就这样的啊？当顾客傻吗这是？？？还京东买的，这样的东西还能拿出来卖吗？大家看好了，以后别再上当了。,负面,质量,火龙果质量差不值钱
书籍,1,"这本书需要慢慢地细细地体味,最好每读完一章后把自己碰到问题也和书中女主角一样设身处地地去感受一下并照着书中的方法去尝试改变.慢慢地你会发觉真的有作用.书中让我感受最受益的就是:臣服. 人之所以会受苦的最大原因就是抗拒事实.事实本身是中立的,而我们的情绪是对事实的反应和自己对事实所?编造?的解释.现在生活中碰到让我有负面情绪的事.只要想到去臣服事实,忧郁的心情顿时能轻松起来!值得大家一读!",正面,综合,书中方法让人轻松，值得阅读
平板,1,给公司买的方案，不错，挺好用,正面,综合,公司采购方案好用
平板,0,就这样发过来了 连个气泡袋都不给个 要不是快递小哥服务态度好老子真想拒收,负面,服务,无包装且态度差
热水器,1,不错~还没用~等搬到新房子试试~这里给好评~,正面,综合,等待试用后给好评
酒店,1,"服务很好,房间质量太差,差点被蚊子给吃了..唉..不过服务员的服务真的很好,能和五星级的相比..",正面,服务,服务很好但房间质量差
水果,1,"苹果质量还行,嗯，里面十二个，有四五个是小的,味道还行烦，毕竟一分钱一分货嘛。",正面,质量,苹果质量还行味道不错
衣服,0,差评 错码 衣服一股味而且太大,负面,质量,衣服有异味且尺码偏大
酒店,0,不大喜欢点评，但是这次花时间精力，我也要给其他人一个客观反馈。1、卫生很差，一个床上的被单上有头发，一个掀开被子有头发 2、设施陈旧，比如，花洒布满铜绿，凳子上污迹斑斑 3、很吵闹，一夜都有飞机声音 4、并没有携程所说的礼包 5、恰好遇到有老外入住同一层，可能是酒店隔音不好，加上他们素质不高，晚上跟开聚会一样嘻嘻哈哈，好几次迷迷糊糊快睡着又被吵醒。 优点：接送机不错，前台态度不错，旁边有便利店,负面,综合,卫生差设施旧噪音大服务一般
平板,0,一般般而且宣传有虚假信息，不建议购买。,负面,综合,宣传虚假不建议买
平板,1,东西好，价格便宜，物流很快,正面,综合,物美价廉物流快
衣服,1,这次网购的裤子特别满意，穿起来要比想象中帅气，特别好看，而且裤子质量也特别好，弹性也挺大的，手感很好，穿上去也特别舒服。以后买裤子还选这家的，真是太棒了。,正面,质量,裤子帅气好看质量好
洗发水,1,很好用哦 之前一直都在用沙宣 不过从来没有在网上买过 这次不想去超市了，所以在网上买来试试 用了几次来评价 其实和超市买的一样哦,正面,质量,网上购买质量与超市相同
平板,0,平板都也经弯了，失望的一次够物！,负面,质量,平板弯曲，购物体验差
水果,0,东西太小了，光有数量没有质量！很失望！,负面,质量,东西小没质量失望
衣服,1,很棒，很棒，很棒，重要的事说三遍。质量不错，物美价廉，好评好评,正面,质量,质量不错物美价廉
衣服,0,质量不错穿着舒服,正面,质量,质量不错穿着舒服
蒙牛,1,打算回家做果冻，家门口的超市里散装牛奶只有蒙牛，也想到了买蒙牛的后果，但还是贱贱的买了一袋。经过小火加热，奇迹如期而至，只见到豆腐渣一样的物质和水分离。蒙牛，好样的！,正面,质量,牛奶加热后分离成渣和水
计算机,0,散热不咋地 这个说法是和thinkpad系列的比较 比起其他的还是好多了 装的那个VISTA太慢 到手就格了 换了xp 不然太慢 无法忍受,负面,质量,散热差系统卡顿无法忍受
洗发水,1,以前买过一瓶好用，现在搞活动再囤点,正面,综合,复购囤货好评
洗发水,0,虽然买过好多次了，但是这次是最不开心的一次，说有赠品也都加入购物车里了，等到收货的时候就没有，问客服说送完了，我也是醉了，要是不相送就别搞这种活动,负面,服务,赠品未兑现活动变味
水果,1,非常好吃，送货很快，比超市便宜，吃完还要买。京东物流真是牛掰没有一个坏果，没有一个箱子是压变形的！,正面,综合,好吃物流快便宜无坏果
水果,0,头一次在京东买水果，一起买了三样水果，别的都很好，就这个火龙果太差了，都是烂的，懒的退了,负面,质量,火龙果太烂不想退
衣服,1,裤子质量不错，男盆友很喜欢。想买的亲不要犹豫哦,正面,质量,裤子质量好，男友喜欢
计算机,0,"L7700处理器虽然标称频率是1.80Ghz,但HP生给降到1.60Ghz...虽然1.6G完全够了，但是..浪费啊...1.8的硬盘确实需要有点耐心...",负面,质量,处理器降频浪费
计算机,0,热量较高~不完游戏就开着也会热，需要散热器为好特别是夏天，显卡是入门级的。不过以后把内存加至4G，那样会爽点。,中性,质量,电脑发热需散热器
酒店,0,"只能说...恐怖...,特价房里面居然有两扇门，虽然大不太，但也让你睡不好...",负面,质量,特价房两扇门影响睡眠
酒店,0,真的不怎么样，如果去大连玩，不要选择正旺季的时候，可以旺季刚开始或快结束时候去，费用少，日月明也是连锁店但是确实不如如家，莫泰。一分钱一分货，建议网上的预定，要事先打电话联系酒店，然后到店付款。,负面,综合,旺季去大连酒店贵且体验差
水果,1,不错，宝贝到手后我感觉非常满意，超出了我的预期，以后还有需求我会继续购买的，同时我也会推荐给我的朋友们。,正面,综合,非常满意超出预期
衣服,1,样子不错，尺寸也很合适！很赞，我喜欢,正面,综合,样子尺寸合适喜欢
水果,1,双成包装。很好，拆开还有水珠在。,正面,质量,包装完好且带水珠
酒店,0,"上当了,这家酒店根本评不上四星,早饭只有稀饭馒头干面包,连牛奶都没有,服务员在打闹,以为进了一家招待所(实际上也就是,侧门挂着中共酒店委员会的大牌子,太夸张了,好象央企!)吃完了敏感的LP就肚子不舒服!因为不想麻烦就算了.床单被子是印有孔子出游图案的,又硬又有香烟味,整晚无法入睡.携程预订时说明是宽带免费才订的大床房,结果服务台说收费的,结果争了半天直到要向携程投诉才假装查电脑后说免费.另外,所谓环保酒店就是走廊黑灯瞎火的等人来了感应才开,节能是节能了,偏偏酒店走廊特长,没人时黑得不敢走出门,不安全!所谓大床房就是普通标间换成大床,而且房间沿街,但价格几乎翻番,早提醒我啊!请大家不要去住,实际上曲府很小,住那里都不远,按协程推荐或会员好评的住!鲁能在当地投资了一家五星酒店在试营业,就在孔庙西,请大家留意.",负面,综合,酒店服务差环境差体验极差
计算机,1,外形小巧，白色很精致。 功能齐全，无线，蓝牙，160G硬盘，电池续航时间长。,正面,综合,小巧精致功能齐全
平板,0,不好，，，，，，不好还是不好不想说什么,负面,综合,商品质量差，体验不好
水果,0,跟橙子一起买的，没一盒都有烂的。。。。。。。。希望自查在发货,负面,质量,橙子有烂的
水果,1,苹果不大，但很新鲜，味道挺好的，脆甜！,正面,质量,苹果新鲜脆甜好吃
平板,1,家里的电子产品都在京东买的，京东自营，质量没的说。,正面,质量,京东自营质量好
洗发水,1,超级划算，京东6.18 就是给力，不得不说的是送货速度真的快速,正面,物流,送货速度真快
酒店,0,这家店比市里的莫泰态度上稍微好点，不过房间也很小，住在里面不是特别舒服。服务员多数是生手，明显就不是很熟练的员工。我想也许压缩成本吧，莫泰也只能这样了。一夜情专用的旅馆，为的就是图个方便，快，他们也不指望多少回头客的。,负面,服务,服务差房间小不舒适
计算机,0,就有一点不爽的是，发现了一个亮点，不过还好了，价格在那里摆着！,正面,价格,价格合适总体满意
衣服,1,大小还可以没尺寸偏差速度快京东小伙子给力,正面,综合,尺寸合适速度快服务好
洗发水,1,套装购买比较划算，主要是小瓶的外出比较方便，这款是500ml的，不是750ml.性价比没有想象的高。,负面,综合,套装划算但性价比低
衣服,0,29码的比30还大一号错得那么离谱,负面,质量,尺码偏大离谱
酒店,0,不帮忙拿行李，从主楼到东苑很不好走，早餐一般还贵,负面,服务,行李无人帮拿且早餐贵
洗发水,1,用了还不错，头发滋润顺滑。以前没有用过的可以试一下哦,正面,质量,头发滋润顺滑好用
平板,0,真的那么好吗，呵呵 东西出问题大家就知道好不好了 这大京东,负面,综合,质疑商品质量与京东信誉
酒店,0,酒店除了地理位置很好之外 其他都不行 房间隔音差 卫生间又旧又脏 下次再也不会住了,负面,质量,房间隔音差卫生差
书籍,0,一本蕴含广博严谨深沉的论语，在于丹的诠释下，变得唯美而华丽，灰色的教条变成了华丽的文学盛宴。,正面,综合,论语诠释唯美华丽
酒店,0,感觉这家酒店服务不好：1 我预订住了一天，第二天12：00之前退房，当我11点多出去吃饭，11：30回来时，可是进不了门了，明明还有半小时到时间却给我锁门了，真让人恼火！前台解释说是我房卡和手机放一起消磁了，明明我的手机在裤子口袋，房卡在上衣，前台还找这样的理由为自己开脱，真的很过分！2 我住的是一间豪华大床间，但是第二天早上很早对面就开始装修干嘛的，乱哄哄的，吵得我休息不好，既然知道第二天有装修，为什么前一天给我安排靠的这么近的房间？莫名其妙。3 说是三星级，可是感觉档次还是差的远，卫生间太简陋，毛巾浴巾都很陈旧，马桶基本上很难下水，睡衣很脏都不敢穿，而且还没有免费的刮胡刀。电视机一开始都打不开，让服务员弄了半天才好。我经常出差，住的宾馆很多，第一次碰到这样档次的酒店。我想以后再去呼市，不会再考虑住这一家了！,负面,服务,酒店服务差且设施陈旧
酒店,0,酒店前台服务实在太差了,负面,服务,酒店前台服务太差
酒店,1,位置不错，市中心交通便利，环境又比较安静。酒店边上有一条街很多小吃店，比较便利。服务挺好，房间设施比较人性化。早餐一般，刚开始和快结束时，几乎没什么吃的。饮料很少而且供应量也不足。酒店有自己的洗衣房，速度很快基本上是当天能送回，而且价格也不算贵。,正面,综合,位置环境服务佳，早餐饮料一般
水果,1,第二次买了，值得推荐，又脆又甜，过个头大！,正面,质量,又脆又甜个头大
水果,1,包装真好，两层网包着，个头不大，颜色不红，但熟的很好，有条纹,正面,质量,包装好个头小熟度高
平板,0,刚买了，就降价秒杀。不高兴…………,负面,价格,刚买就降价不爽
计算机,0,内存太小，偶配了2根“金条”，目前兼容。但不知道是内存不兼容还是什么，有时会听到硬盘“咔咔”运行的声音。预置系统下Office是2007试用版，偶自装2003，则每次启动弹出正版增值计划窗口，很麻烦！,负面,综合,内存硬盘问题多系统麻烦
书籍,0,没有太多的衍生，感觉一般，没什么特别的感觉,中性,综合,感觉一般无特别
计算机,1,配置还可以，有性价比，是比较以后才买的，不过电脑这东西，价钱没谱，呵呵,正面,价格,性价比高但价格难定
酒店,0,还可以吧，随便住住，朋友在附近。,中性,综合,随便住住朋友在附近
水果,1,很好很好很好很好很好很好很好很好很好很好很好很好很好很好很好很好很好很好很好很好很好很好很好很好很好很好很好很好很好很好很好很好很好很好很好很好很好很好很好很好很好很好很好很好很好很好很好很好很好很好很好很好很好很好很好很好很好很好很好很好很好很好很好很好很好很好很好很好很好很好很好很好很好很好很好很好很好很好很好很好很好很好很好很好很好很好很好很好很好很好很好很好很好很好很好很好很好很好很好很好很好很好很好很好很好很好很好很好很好很好很好很好很好很好很好很好很好很好很好很好,正面,综合,商品质量非常好
衣服,1,不错不错 好看 就是不太耐脏,正面,质量,好看但不耐脏
平板,0,刚刚买了第八天，就降了*元，玩我们呢？华为手机这么不保值 ！！,负面,价格,华为手机不保值
计算机,1,黑色的外观，很漂亮，呵呵，总体来看运行速度还可以，屏幕的色彩挺鲜艳的,正面,综合,外观漂亮运行快色彩鲜艳
酒店,0,一塌糊涂，脏脏脏脏脏,负面,质量,商品质量极差
水果,0,很失望的一次购物。1.买了两箱，有一箱苹果个头很小；2.有一箱12个苹果有7个有磕伤。再也不从这家买苹果了。,负面,质量,苹果个头小且多磕伤
衣服,0,颜色不符，我要的深蓝色差太大了，到手是牛仔蓝,负面,质量,颜色不符色差大
洗发水,1,还没用 我掉头发 希望这款可以帮到我,中性,质量,未用 掉发 希望有效
平板,0,"比较一般, 给老人看看视频都比较吃力. 建议增加点预算买个再好一点的.",负面,价格,建议增加预算买更好
计算机,1,永恒之塔，魔兽都是可以玩的，非常不错了，极品飞车一样玩。哈哈,正面,综合,游戏好玩像极品飞车
平板,1,物有所值啊，挺好的额。,正面,综合,物有所值挺好
酒店,1,这是第二次入住了，因为出差需要，在安庆，确实也没有其他地方可住，酒店整体环境优雅，房间设施一般，不过卫生还可以，每次入住后，习惯检查一下床面是否整洁，近期出差，入住的酒店中，只有这一家未发现床上有残留的头发等异物。,正面,综合,卫生好无异物，环境优雅
洗发水,0,差评，包装盒那幺小，把洗发水都挤出来了，商家太黑了,负面,质量,包装盒太小挤洗发水
平板,1,商品质量不错，配送及时。,正面,综合,质量不错配送及时
水果,1,苹果味道不错，包装完整，收到后吃了两个，很好，甜度适中。希望剩下的没有烂心的，谁知道呢,正面,质量,苹果味道好包装完整
酒店,0,酒店位置还好，设施太陈旧，太老了！房间面积太小，硬件的设施糟糕！枕头太低！床垫也硬！,负面,质量,酒店设施陈旧糟糕
洗发水,1,重要的事情说三遍：日期新鲜！物流快捷！！价格巨划算！！！必须必赞 赞 赞！！！日期新鲜！物流快捷！！价格巨划算！！！必须必赞 赞 赞！！！日期新鲜！物流快捷！！价格巨划算！！！必须必赞 赞 赞！！！,正面,综合,日期新鲜物流快价格划算
酒店,0,性价比超低，这个价位对应如此差的环境和服务让人无法理解。 就是临近机场，一锤子买卖。,负面,服务,性价比低服务差
洗发水,0,差评 说好的赠品没有送 京东越来越不亲民了 以后在京东只能冲话费了,负面,服务,承诺赠品未兑现
酒店,1,属于别墅型的酒店，这点倒是非常特别，只是可惜门口那条道是单行道，所以出行未免有点不太方便，地形有坡度也挺有意思，里面环境非常不错，我比较喜欢这种清净的感觉，我入住的是最里面的那幢，后面就可以看的到园子什么的，感觉有点世外桃源的味道，隔着大玻璃有种2个世界的感觉。大床是黄色的，挺温暖的感觉，比较喜欢他们里面的多功能控制器，没事我就放点音乐听听，选的音乐也是那种很舒服的音乐，挺温馨，而且房间里的消费也很平价，性价比很高的一个酒店了~~,正面,综合,酒店环境好性价比高
酒店,0,管理差，隔音差，厕所异味浓！,负面,综合,管理差隔音差异味浓
平板,1,货物跟我想象的一样，送货超乎我的想象！,正面,物流,货物质量送货超预期
平板,0,降价了。不给退差价。不满意,负面,价格,降价不退差价不满
手机,1,"直接,时尚,一看就喜欢.",正面,综合,时尚好看
酒店,0,真不可思意，一周后再次入住该酒店还是给我上次入住的1017房（单人间），因房间靠近酒店内部的风道控制系统，噪声实在太大，第二天在强烈要求更换房间，酒店答应了我的要求，当晚才得以安睡。,负面,服务,房间噪声大要求换房
平板,0,买来打开看，背面脏的要死，电也用的非常块，我非常不满意。,负面,质量,背面脏且耗电快
衣服,1,东西收到了 物流非常迅速！衣服大小合适 面料也不错 性价比很高 和描述的一致！,正面,综合,物流快衣服好性价比高
平板,0,真心话一分钱一分货！真的不怎么样,负面,质量,一分钱一分货
平板,1,好用 送货也很快,正面,综合,好用送货快
书籍,0,发现自己不是很喜欢，而且内容很少，虽然装帧很好，不过下次不会买了，不如看多啦A梦！,负面,综合,内容少装帧好但不喜欢
洗发水,1,买了大的，送了小的，买的时候50不到，很好，去油的！喜欢！,正面,综合,尺寸合适去油好用
衣服,0,质量不怎么样，居然说给好评***出卖自己吗，人永远不要贪小便宜，不然不是害了大家吗？有差评才会有进步哦,负面,质量,质量差贪小便宜害大家
计算机,1,LED屏，送货也快。差不多一天半就到货了，而且赶上这次送包和100元抵价卷，不错不错,正面,物流,送货快还送礼包
书籍,0,"新颖的教学方法,但对于我这种英语白痴来说,任何方法都是无益的!!!",负面,服务,教学方法对英语差者无效
衣服,1,裤子质量真不错，舒适，合身，做工精细，挺值得的！买过好几条了！,正面,质量,裤子质量好值得买
书籍,0,没有想象中的好，原来以为是一本风趣幽默的读本，可以轻松学外语。看了以后才发现内容只是一些普通的单词拼写上的错误纠正等，没意思。,负面,质量,内容枯燥，仅纠正拼写错误
酒店,1,"去芜湖吃外甥的喜酒,10人,订了24~26日5间标房.住前看了点评,心有余悸.不过去住了之后觉得比想象要好.在这样的城市,这个价钱住得应该还算不错的.缺点,住4楼,窗前有一大平台,窗外景色不好.我爱好摄影,有点遗憾.",正面,综合,住得不错但窗外景色不好
衣服,0,刚穿几天肩膀上的扣子就掉了，内胆口袋就漏了。做工太次！,负面,质量,扣子掉落口袋漏做工差
酒店,1,酒店房间还不错，服务业周到。可以免洗件衣服。就是和前台价一样,正面,服务,房间好服务佳免洗件
洗发水,1,618活动时候买的，价格便宜，收到好多瓶，洗发非常顺滑，好喜欢沙宣的气味！,正面,综合,价格实惠洗发顺滑
洗发水,1,之前用施华蔻的洗发水，洗完会出现头皮问题，就抱着试试看的态度买了滋源果真没让我失望，可能因为发质问题吧。用着舒服就一直用着,正面,质量,滋源洗发水解决头皮问题
书籍,0,只能说是垃圾书，韩国人都是SB，这种书也敢拿出来卖,负面,质量,垃圾书韩国人敢卖
计算机,0,发热量大，不带系统，随机光盘只有Vista系统的驱动程序，XP的驱动要自己去下载！,负面,服务,驱动不全需自下
酒店,0,大堂服务女生服务实在欠缺培训，连基本的服务品质也没有，失望，不会有下次,负面,服务,大堂服务女生欠缺培训
衣服,1,很喜欢，很好，很适合，好东西，介绍给大家，。。好，好，好,正面,综合,很喜欢好东西
酒店,0,"该酒店338元/标间价格绝对不值,不知道航空酒店定价标准是什么.马桶根本没有消毒,前天晚上入住,用了马桶之后,屁股立马骚痒,到现在还没有消退.另外,早餐餐厅也小得可怜,食物品种和数量也少,要是晚去吃早餐,保准吃不到.",负面,综合,价格不值且卫生差服务差
酒店,1,定的时候刚好特价不到200一晚感觉还不错。但还不是特别方便。,正面,综合,特价不错但不够方便
酒店,0,酒店应该加强服务意识，配套很差，该有的服务没有，环境比较旧，应该加以修葺，翻新，配套设施与服务应加强。,负面,服务,酒店服务差环境旧需翻新
酒店,1,地理位置实在是好。我住的是单人大床房，进屋一看竟然跟套房一样，不过一个小屋有桌子和电视，另一个小屋只能放下一张床和电视，实在小得可怜。因为工作所以没有在酒店吃早餐，但是对面的郝刚刚羊杂割的确让人印象深刻，唯一的遗憾就是只有中午开门，晚上不营业……我想在酒店的商务中心买飞机票，竟然被告知不能刷卡，只能现金结帐，因此没买成，不爽！,负面,服务,酒店商务中心不能刷卡
手机,0,缺点太多了，信号不好，经常死机，待机不长，，最主要的是天线的那个头经常掉，我买了不到一个星期天线头就掉了，质量真是差的可以，气死我了！！！真后悔买这款手机！！！！！,负面,质量,手机质量差天线易掉
手机,1,时尚的外型和丰富的功能使我非常喜欢,正面,综合,喜欢时尚外观和功能
书籍,1,看这本书，让我想起我们那些远去的流年。那时候我们每个人都是这样年轻的吧，怀揣着希望和理想，以为快跑过去就能看见烟花漫天，却不知道烟花终究只开一瞬，转眼消逝。我们都曾经为这些容易消逝的东西花费时间，也交付了很多，牺牲了很多。到长大了才知道，没有什么比爱更宝贵。只可惜，爱不肯回来了。幸而小离还能找到一部分，虽然有一辈子无法弥补的伤痛，但总算不是很伤怀。祝福小离。,中性,综合,回忆青春遗憾祝福小离
书籍,0,"垃圾,相当垃圾,1和2好多都是重复的不说,还总是买关子,什么这个的详细内容看第二本的多少页,那个内容看第一本的什么地方.诸如此类的数不胜数.总体感觉就是再变相让你买他的书,手段相当下贱.而且字大行稀........",负面,服务,变相推销书籍手段下贱
平板,0,买了不到一周，降了100多，客服服务不回复～～最差的一次购物体验～～～,负面,服务,降价后客服不回复
手机,0,没有数据线，内屏颜色应该没有6.5万色，在阳光下就会看不清屏幕显示的内容，通话声音比较小，没有GPRS和计数器！,负面,质量,缺数据线色数低看不清
衣服,1,质量很好，做工细致，牌子货就是不一样。,正面,质量,质量做工很好
衣服,0,在网上还是不好，实物跟图片比差距很大,负面,质量,实物与图片差距大
水果,0,吃着口感一点都不好，特别苦 ，很失败,负面,质量,口感不好太苦
水果,1,是脆的，有削到一个坏果，味道一般吧,负面,质量,坏果影响口感
洗发水,1,第一次购买，快递很快，昨天下午下单，今天上午就到了，快递超快！,正面,物流,快递速度非常快
平板,1,1.包装很有档次，2.附送屏幕贴(不过我没用)，3.幸好是通用接口的充电线，4.屏幕和音效都很不错；5.用游标卡尺量的厚度7.3-7.4cm，很纤薄,正面,综合,包装档次高，配件实用，产品纤薄
平板,1,就是那样，我一直用苹果的系统，所以现在还不习惯。,中性,综合,不习惯苹果系统
平板,0,没用几天就黑屏开不了机了，买给老人家用的，真是无语。。。。。明显是二手机翻新的。。。叫我如何是好,负面,质量,几天黑屏疑似二手机
手机,1,"最显著的是显示效果细腻，铃声悦耳,1000条电话薄够大家储备好朋友的号码了呀！",正面,综合,显示细腻铃声好号码足
水果,0,个头小的，看别人晒的图怎么是大的呢？奇怪，不满意的购物。,负面,质量,个头小不满意
酒店,0,"这家酒店非常差,大家不要给它的外表所欺骗,房间非常旧,而且房间烟味很重,我觉得连招待所也要比它好",负面,质量,酒店差旧且烟味重
平板,0,一周内第二次购买同款了，谁知这次却遇到了！昨晚下单今天上午就到了，正在感概京东超快，却不想拆封后意外了，白色外盒上面很大一块坑坑洼洼，一个角撞塌陷了，里面装数据线的地方盒子也是坏的！关键是我必须马上装软件，下午就要送给一个重要的领导，来不及换退货了，京东客户谈半天，给出的解决办法基本都是让我自认倒霉！比如，送我价值20的京豆，让我自己去实体店买个包装，试问，20能买到吗？说有专员联系我处理！却一直没消息！京东！京东！我都怀疑你们这货是不是返修的哟！内盒都有坏的啊！京东，太辜负我们的信任了！！！,负面,质量,包装破损无法退货
手机,0,从功能上说应该是算是一部给国人挣脸的机子，但是有一点做的非常不好：显示屏有一部分没有显示，这个一直没明白厂家的用意，唉，细节部分出了问题也是遗憾啊,负面,质量,显示屏部分不显示
水果,1,还没吃呢，看起来是不错的，味道还行,正面,质量,味道还行不错
水果,1,这个苹果最好啦，没有打蜡，很脆很甜，个头也还不错，价格稍微高了一点点吧,正面,综合,苹果脆甜个头好价格略高
酒店,0,无语了 下单时候 房间数写成了人数 多订了一个房间 然后付款后马上进行沟通协调 代理商不积极 酒店态度太差 说下单了就不能退 刚订的也不行！请问 这样的服务 人是死的吗？无法理解 更无法接受 就好像要开具你妈是你妈的证明一样的性质恶劣！,负面,服务,代理商不积极酒店态度差
洗发水,0,打开发现没有发膜是怎么回事？？？找不到客服？谁来给我处理,负面,服务,没发膜且找不到客服
酒店,0,住的东苑，应该不会住第二次了。,负面,综合,不会再次入住
洗发水,1,第一次在京东买洗头膏，发货速度很快，东西也不错，还送有赠品。发膜效果很好，我的发质是毛躁特别干，洗过很顺滑，香味很淡，但是保持的时间挺长的。头发洗过之后很轻盈，这次买的是洗头膏和润发乳，没想到发膜这么好用，会在入手一个发膜。总之来说这次购物特别满意，恩还会光顾的，祝卖家生意兴隆。,正面,综合,商品好用赠品多下次还会买
计算机,1,"机器带了VISTA HOME BASIC版，不过买回来就格式化了，换了XP系统，安装过程很顺利。内存是单根2G的三星DDR3 1066的条子。我装的是YMLF9.9的系统,GHOST好后系统全认，显卡认成了G98,运行了下3D MARK2001,15000多分。而且更新了ACER官方的驱动，认成了G 105M反正分数只有14000来分了，少了一千多，哎！弄不明白。那个摄像头还真不是一般的清楚。",负面,质量,系统驱动识别异常
洗发水,1,包装挺好，严实，生产日期也很近,正面,质量,包装严实生产日期近
酒店,1,硬件环境尚可，但服务员的服务能力还有待进一步提高。对于携程网预订房间的处理能力需要加强,负面,服务,服务员能力需加强
手机,0,手感不好，感觉机子有些宽，而且，正面整体有些突起，不是很平，放在口袋里容易引起和其它东西的碰撞。机子速度不是很快；当电话薄存储量或短信存储量增加到一半以上的时候，更明显地感到菜单切换速度变慢。显示屏是单色，看上去也很单调！,负面,质量,手感差速度慢屏幕单调
酒店,1,酒店很大，服务太差，Ａ楼房间也老，下次再也不住了。环境很好，打高尔夫的或许可以忍忍吧。,负面,服务,酒店服务差环境好
洗发水,0,差评，京东快递员服务极其差劲，不送货上门竟然要求客户自提，到了以后语言粗暴，非常不满意，必须差评。,负面,服务,快递员服务差要求自提
平板,1,速度还可以 这个价位可以了 玩LOL应该没问题,正面,综合,价格合适游戏够用
酒店,1,"两个月里面已经住了三次了,当然好啦,交通也很方便哈",正面,综合,居住体验好交通方便
平板,1,999这个价格 还是很值的,正面,价格,999 元很值
衣服,1,裤子很好，穿上去很合适，朋友都说好。颜色也和我想象的一样，没有色差，是一次满意的购物。以后还会来这家买东西的。,正面,综合,裤子合适无色差满意
洗发水,0,不是说20日送到，怎么21号才送到？20日送不到你们也放个屁通知我一声咯，全**的装哑巴啊？,负面,物流,承诺20日送达却21日才到
平板,1,不叫不错,中性,综合,商品评价一般
计算机,0,镜面的容易留指纹，休眠后开机老出问题，可能是备份的问题，还没搞懂,负面,质量,镜面留指纹休眠故障
衣服,0,第一，尺码不合适，已经按照参考尺码选大一号，收到货还是太小，穿不上；第二，服务态度极差。总之，差评，退货,负面,综合,尺码不合且服务差
水果,0,有一个烂了，这批次的不新鲜！有无的赔？？？,负面,质量,商品不新鲜已烂
平板,0,京东死垃圾，妈的再也不会在京东买东西了，买了后有送这么多东西，我买没有，才一两天时间，你们这样做生意不倒闭才怪，垃圾东,负面,服务,京东送赠品不统一
洗发水,0,绝对差评，网购许多年第一次差评，双11促销**，过了双11立马变成**了，敢情你家促销价比平时高很多呢。大家不要在这里买了，太坑人。,负面,价格,促销价比平时高太坑人
酒店,0,"建筑较老,房间内饰一般.属于地方典型的老式3星饭店.门卡经常失灵.特别是服务上还没有形成为宾客服务的理念.当门卡无法开门去前台做卡时,刚对饭店提出意见.让人无法相信的是前台的服务人员竟然说""谁让你们总是一天一天的延住的!"" -事实上在前一天刚刚续住了3天.这样的服务态度也就是在N年前某县的招待所遇见过.对于省会的五星级酒店实在是无法评价.结果是和前台吵了一架.搬出了这个酒店.性价比上(价格和房间的内饰)远远比不上中振和华庭.当然如果对房价没有要求的话还是世贸比较好.",负面,服务,门卡失灵且前台态度恶劣
平板,0,一般，就是屏幕反应点慢，懒得换了,负面,质量,屏幕反应慢
衣服,0,太大了 哈哈,中性,综合,商品尺寸偏大
洗发水,0,假货！本来没有头屑 洗了之后头屑满天飞 和超市里买的不一样！,负面,质量,假货头屑多与超市不同
计算机,0,本来我是很喜欢钢琴面得 但是对于电脑来说 就比较容易脏 所以说 鱼和熊掌不可皆得 自己注意就对了,中性,质量,钢琴面易脏，鱼熊掌难兼得
热水器,1,已送到家，还没安装！,中性,服务,已送达待安装
水果,1,可以味道不错，京东快递超快，就是不包邮,正面,综合,味道好快递快不包邮
衣服,1,裤子看起来很时尚，很休闲，毕竟是牛仔裤难免掉色不过加盐洗会好的点，总体来说不错,正面,质量,牛仔裤掉色加盐洗会好
平板,0,这一颗星是死皮赖脸要的，也是看在送货速度和送货员的面子给的，包装很简单里面就是一个装平板的盒子，外面就一个箱子套上去，而且那天还下很大的雨，基本防水的都没有。画质很差，之前我有特意问过这方面的，客服说的天花乱坠的在加上看到有那么多好评所以就相信了，可是画质太差了，又问客服他说不能退了，还说屏幕大了有所影响，我说那人家还比较大寸的是不是卖不出了，比如电视，然后他说电视是站的远看的，总之那意思就是坚决不承认‘平板质量没问题’在京东上以前也买过两部手机，也没这样的，真是的?，太气人了！,负面,质量,平板画质差且客服推卸责任
洗发水,1,不错 挺实惠的 这是第二次购买了,正面,价格,实惠性价比高
洗发水,1,一直用清扬，这个还没用，不知道好不好，用了在说。,中性,综合,未使用清扬洗发水
酒店,0,第一次到贵阳，通过携程订了两晚。说是三星。走进房间，发现设施太旧，卫生条件不如人意。地毯太脏还有洞，墙壁已经发黄了，本想退掉一晚。后来上街，发现整个贵阳的城市建设都不怎么样，所以将就着住了两晚。,负面,质量,酒店设施陈旧卫生差
蒙牛,0,抵制蒙牛。,负面,综合,抵制蒙牛品牌
水果,1,苹果挺好吃，酸酸甜甜的，物流也特别给力,正面,综合,苹果好吃物流快
书籍,0,不喜欢其人，更不喜欢其文，古韵有些过头，矫情！,负面,综合,矫情古韵过头
蒙牛,1,只要能提供健康的奶，我们依旧会支持新蒙牛,正面,综合,支持新蒙牛提供健康奶
酒店,0,别看图片还不错，这都是表面的。酒店破不说，还一股味道。半夜的时候卫生间还有滴水的声音，房间隔音也不好，总能听到外面的说话声。房间大的恐怖，灯光也太暗,负面,综合,酒店破且有异味
洗发水,0,差评、都没有盖紧，还漏了.条形码也贴住了，难是假的，还要遮住，后悔！,负面,质量,盖子漏液条码贴错
平板,0,垃圾，物流慢，套装还没有！,负面,物流,物流慢套装未到
酒店,0,房间没窗不说，早餐只有面包不说，今天早上着急开会，七点半到大堂还没有早餐，问服务员说昨天他们有人休息没来得及准备，这种理由也能成立？即使这样难道不应该事先通知我们好让我们早做准备吗？我付的房费是含早餐的，那你没有按时提供早餐是不是应该退差价给我？害得我饿着肚子开了一上午的会，都饿的发晕了,负面,服务,含早未供且未通知
衣服,1,快递给力，宝贝基本没色差，面料很舒服，码号也很准，大爱！,正面,综合,快递快宝贝好面料舒服
平板,1,很漂亮，用着蛮顺手，很高的性价比。知道拥有,正面,综合,漂亮顺手性价比高
衣服,1,非常满意，性价比很高，质量真的不错 比想象中的要好,正面,综合,性价比高质量好
平板,0,太垃圾了，以后再也不买华为的东西了,负面,综合,华为产品太垃圾
水果,1,本本来是买来送人的，结果没送成自己吃了，特别好吃，各自个头又大,正面,质量,自己吃特别好吃个头大
酒店,0,之前订过一次这件，觉得整体可以；结果这次是个大坑；一开始给了1006，结果房间旁边就是电机房吵到死；让换房又不是同一部电梯到了折腾了十几分钟才才到1101，结果就是1006的楼上，电机房还是在旁边；前台还说特惠的就是这个房型，我说之前住过都不是，让加钱才能换房，换了个套房，结果地毯很脏，花洒漏的水比出来的水多；第二天又结错账又给少发票。。。。。太糟糕！！！,负面,综合,房型噪音大服务差体验糟糕
书籍,1,结局虽然是意象之中，却还是跟着作者一步一步跳进了洞。明明知道死者不可复生，犬儿不可说话，却仍是偏执得像主人公一样差点相信了罪人的假话。真相大白的那一瞬间仍是感到心头一震。好在，最后一切都变得明朗。一只狗，一个人，生活仍要继续，美好才刚刚起程。小说描写细腻，是吸引我的平实风格。时而出现的悬念使人有强烈的阅读兴趣。看了之后更加珍惜现在的亲人们。要让他们知道你的爱！,正面,综合,小说细腻感人珍惜亲人
手机,1,"身材纤细,制做工艺也好.手写笔整体手感不错,触摸屏面积也挺大,又好写又好看文字.声色也不错,里外屏幕都十分清晰,铃声音量洪亮.待机时间也可以,三四天不成问题.有专门的自拍镜,便于自娱自乐了.",正面,综合,工艺手感好屏幕清晰
酒店,1,住过几次，感觉还可以。但这次竟然晚上冷的睡不着。穿上毛衣毛裤，盖了3床被子，夸张吧？空调里也是热风，但房间温度就是低，而且外面也不是很冷。真是想不明白。换了一个房间，还是一样。只好退房了！,负面,服务,房间太冷无法入住
水果,1,发货很迅速，快递也很给力，水果看上去很不错，期待口感更棒。,正面,物流,发货快快递给力
酒店,0,在携程预定酒店这么多次，遇到的最烂的酒店。住在行政豪华房，早上7点半起来连洗澡的热水也没有。开发票时说没有发票，请携程帮帮忙，不要把这种酒店放在你们网上害人。 谢谢！,负面,综合,酒店热水无发票，体验极差
平板,1,首先京东物流超过，这是选择京东的主要原因。,正面,物流,京东物流快是首选
平板,0,给老妈买的。通话声音很小，已经将手机音量调到最大还是没用 郁闷… 想退货,负面,质量,通话声音小想退货
计算机,0,装XP是有点麻烦，在武汉没有客服点，说只为金牌客户服务，就算我去他们那里，一样花钱装，我自己花钱70元在外面装的。,负面,服务,安装麻烦且收费
水果,1,还行！要是给京豆的话我也许还会多写几个字……,中性,综合,还行但京豆多写
计算机,0,60G的硬盘感觉小了点，扣除系统预装的程序，只有120G可以用，要是硬盘320就好了,负面,质量,硬盘容量太小不够用
平板,1,总体表现没有太意外。厚度中等，装配间隙还可以。我的大黑边，大黑边。表扬一下音效不错的，显示速度也不错,正面,综合,音效显示不错总体无意外
水果,1,非常好，很不错，点赞一下下，包装也很精美，货不错，送货速度快！！,正面,综合,商品好包装佳物流快
平板,0,东西没有收到.我也没有看到…。给了钱？没有货.也不.这个东西都不知道什么时候买的.反正没有送到我手上..莫名其妙的.交易完成了.也不退钱给我,负面,物流,未收到货且不退钱
手机,0,1.外观设计的显得挺呆板。2.不支持MP3文件作为铃声。3.拍照时不能进行全屏取景。4.机身内存太可怜，太可怜！,负面,综合,外观呆板功能受限
洗发水,0,不满意，上次买的雨衣寄错了颜色，跟我说不是京东自营，我就算了，这次是自营的结果，东西还漏了一袋子，没办法差评了，我失望极了。。。,负面,物流,雨衣颜色错误且漏装
平板,1,收到货了，华为m3国货算不错的了~,正面,综合,华为m3国货不错
水果,0,苹果太小了，不符合图片。 还有口感一般！,负面,质量,苹果小口感一般
水果,1,很好，很满意，很好吃，很高兴买到，没有一个坏的和碰坏的，吃着放心！,正面,质量,商品完好且口感好
酒店,1,"地理位置不错,下了高速很快就找到渡假村,去闸坡大约半小时.环境很好,空气清新,房间宽敞舒适!服务态度很差,大多数的服务员都是面无表情,说话冰冷生硬.水上乐园似乎是晚上8点后才开的,玫瑰牛奶浴又贵又不舒服,牛奶味道都没有.按摩也很贵,我们三个人,每个人只按了100分钟,按价格表的价钱,应该是394元,最后买单却是921元,大概收了很多房间费吧!总体感觉还是不错的,下次有时间还可以去玩,但额外收费项目就不敢光顾了.",负面,服务,服务差收费高总体不错
书籍,1,"虽然是一本韩国书,在价值观,审美等方面和我们中国女性有些差别,但同是东方女性,这里面的许多东西还是可以借鉴的，尤其在时装,美容等方面,韩国引领着世界的潮流,这是毋庸置疑的.所以这本书中关于时尚的一些建议和点评非常有借鉴价值,而在两性领域,作为一个专栏作家,作者表现出她的阅历和智慧,一些经验对年轻女孩还是很有用的,总的来说，这本书不错,值得一看 .",正面,综合,书有借鉴价值，值得一看
书籍,0,怎么看下去会一段后故事还没结束，又说了其他事，后又接上前段事。有时另我一塌胡涂，要看前段说了什么，才接下去看。是不是印刷错了啊？,负面,质量,故事衔接混乱似印刷错误
计算机,0,光驱就像发动机，声音很大，系统很难装，xp根本找不到驱动，发热量很大，,负面,质量,光驱噪音大难装驱动
水果,0,一个是坏的，而且三个都不新鲜，也很小！,负面,质量,商品坏且不新鲜
水果,1,比之前在京东上面买的大，下次应该会回购这一家,正面,综合,比京东买的大，会回购
平板,0,我等维修结果！谢谢华为，让我认识了国产机，以后应该不会再买国产机,负面,服务,维修结果未出，不再买国产
水果,0,非常失望！什么生鲜？这样子的服务让谁还敢来买？    替家里买的，结果遇到这样子的情况！真的对京东很失望。    想想你的父母孩子吃的这样子所谓的新鲜苹果！真的很生气，可以的话一颗星也不想给。,负面,服务,生鲜质量差服务差
洗发水,0,昨天才买的，今天一看就便宜了*不是欺骗消费者吗？京东太垃圾了！差评差评差评,负面,服务,价格变动欺骗消费者
洗发水,1,包装完整，没有摔坏之类的问题，今晚试了，干干净净的很清爽，好用，气味也是淡淡清香，很好闻。物有所值，值得分享，购买,正面,综合,包装完好气味清香物有所值
酒店,1,"典型的快捷酒店的风格，房间不错，淋浴很舒服,早餐十分的丰盛,在郑州当地此酒店好象十分的出名",正面,综合,酒店风格典型，设施舒适，早餐丰盛
酒店,0,距离机场较近，还专车接送，方便中转。,正面,服务,机场近专车接送方便
平板,0,2000块就这包裹，闹着玩呢！好像让人拆了又封上的！里面保护措施都没有，电子产品啊，摔来摔去的你就这么弄！买个杯子还有泡沫呢！垃圾物流,负面,物流,包裹损坏无保护
衣服,1,还行， 店家把衣服颜色发错了 ，原谅他了。,中性,质量,衣服发错颜色
洗发水,1,很好 好洗 以前也买过 白色包装的也不错,正面,质量,好洗包装不错
衣服,0,垃圾什么衣服，这是我买最失败的一件衣服，而且还不透气,负面,质量,衣服质量差不透气
酒店,0,离机场近，有车接送，半小时一班,正面,服务,交通便捷有车接送
酒店,1,那里的环境很好，只是价格有点贵，打车需要走一段路，自己驾车的话较方便，服务态度很好．,中性,价格,环境好服务佳但价格贵
洗发水,0,差评，用着感觉不理想,负面,综合,使用感觉不理想
酒店,0,过夜等飞机，没啥可说的。早餐盘好脏！,负面,服务,过夜等机早餐脏
酒店,1,表扬：餐厅，中餐做得很好，价钱也不贵，份量也不错，早餐也不错。和在天柱山大门口的农家菜比环境、质量好很多，而价钱也不贵，推荐。批评：中医推拿，不专业，可能还不如我的水平呢。另，洗衣服务虽然有，但加急还是比较慢。我出去漂流打水涨全身湿透，到酒店指望赶紧弄干，结果n个小时也没搞定。,正面,综合,餐厅中餐好吃价廉量足
平板,1,日辉金色的很好看，大气，平板很好用，充电快，续航也不错。很喜欢！支持华为！京东快递也好，很快，赞一个！,正面,综合,商品好用物流快
水果,1,苹果好小，不是80级别的，不知是不是发错了。,负面,质量,苹果太小非80级
手机,1,"这个小灵通好是好啊,但偶买了一个才400多项式块钱这也太贵了吧要600多,",负面,价格,价格太贵了
衣服,1,衣服收到了，质量不错，比想象中的还满意，上身效果非常满意，大小合身,正面,质量,衣服质量满意合身
水果,0,说的三个，结果收到货只有两个，吭人,负面,物流,少发两个商品
计算机,0,装XP系统后，网卡驱动装完，能ping通网关，但无法上网，经过多次重复安装后确定是驱动问题。配的驱动也太烂了，同方网站下的也有问题 更不爽的是，这个型号的机器在其他地方找都很难找，更别说下载别的驱动,负面,质量,驱动质量差难找
平板,1,很省电，听音乐的音色也很清晰。,正面,质量,省电且音质清晰
水果,1,第一次购买水果，还可以，苹果就是个头不大，这个价钱应该就是这样了。整体还满意，儿子特别喜欢吃的，家里没空过,正面,综合,水果个头小但儿子爱吃
书籍,0,书的中间少了好几十页。。。。。。。。。。。。：（要求退货。。。,负面,质量,书缺页要求退货
水果,1,稍微有点小，味道还可以。送货很快很准时，而且给送到楼上，好评。,正面,综合,商品略小味道好送货快
平板,0,发票迟迟未提供,负面,服务,发票迟迟未提供
衣服,1,感觉还不错，我一次买了两条，大小很合适,正面,综合,一次买两条合适
平板,1,昨天中午下的单，今天中午到的货。拿到快递的时候宿舍的人都在惊讶居然是这么大的盒子！打开之后发现赠品一个不落，包装也很严谨，应该是正品的。拿出平板的时候觉得它长度还行，就是有点窄，外观上特别像放大了的手机，不过拿起来一点也不重。再说说产品性能吧，我不太了解具体的参数，只觉得立体音效确实很棒，但是像素确实比不上手机，不管是照相还是一些游戏都没有手机清晰。最后，我一定要提一下京东赠送的保护套，这个套子的背面居然是一整面的塑料壳，根本没办法做支撑，这一点也是醉了，我只好赶快另买新的保护套。这是我的第一个平板电脑，我选择了华为的这款，没办法跟其他平板做对比，总的来说体验还不错，这么便宜的平板性价比已经很好了。,正面,综合,平板性价比高，体验不错
洗发水,0,洗头水就是未拆封透明纸包着的 我撕掉的 为什么护发素的透明纸没有 拧掉盖就能用 谁知道用了没呀 帮买家先拆掉包装纸怎么确定完好无缺的 该怎么信赖 不好的行为 特注意,负面,服务,未拆封包装为何已撕
洗发水,0,清杨洗发水怀疑是假的???洗头都没有泡沫的的???之前我买的洗头有好多泡沫而且也很香，现在买的都没法洗头??我都用来洗衣服了???,负面,质量,洗发水无泡沫且疑似假货
衣服,1,一直信赖这个牌子，以前都是在实体店购买，第一次在京东买，如果穿了以后质量可以的话，以后还来。这次购物发生了一个小插曲，一个订单分两个地方发货，收到第一件时以为卖家搞错了，经过沟通后才知道是分开发货。,正面,服务,信赖品牌京东分开发货
手机,1,样式是不错的。,正面,综合,样式不错
酒店,0,"后悔!不值!唯一优点交通方便.在很深的小巷里,楼下浴足,恶心!建议取消",负面,综合,交通方便但浴足恶心
书籍,0,希望以后当当不要买2本书的时候，有一本没有货就只发其中的一本，而我自己都不知道，这样再买一本的时候又要加运费了，请你们的系统聪明一点了，别那么傻了,负面,物流,买两本书只发一本
平板,1,赶上搞活动买的，比官网还便宜，做工很精致，看起来很高大上，快递也很给力！,正面,综合,活动价便宜做工好
蒙牛,1,喜欢喝蒙牛不？,中性,综合,询问是否喜欢喝蒙牛
水果,0,口感太差，个又小，真有损潘的品牌,负面,质量,口感差个头小损品牌
水果,0,第一次在京东买水果，感觉比*还差，苹果好小啊，而且不怎么样好吃，以后还是在*买水果吧！很失望的一次购物！,负面,质量,苹果小且不好吃
平板,1,感觉还不错，看剧效果很好，带出去看个资料也方便,正面,综合,看剧方便效果佳
衣服,0,版型没有图片上好看，不知道什么料子的，有味，后领处的标牌没有跟里料缝到一起，属于质量有问题的残次品，不建议买,负面,质量,版型不符有异味属残次品
洗发水,1,清扬这款之前用过觉得还可以，味道也比较喜欢，这次这个希望用起来也效果比较好吧，活动买的一共算起来还是比较划算的，,正面,综合,味道喜欢活动划算
手机,0,1.我用了一个月了，手机没进过灰。曾经以为摄像头进灰，后来才发现是内部的元件，不是灰尘。2.屏幕是不是斜的，没法测。我的屏保是专用的，但是贴斜了，没办法。不过很好用，沾指纹用纸巾一擦，干干净净什么也没有。3.在英文状态下，进如短信就是中文编辑，很爽哦。好多诺基亚在英文模式下，都不能切换中文，不知道为什么，摩托就可以的。朋友经常借我手机玩，每次都要改成中文页面，害的我虚荣心都得不到满足。哎！4.听原装耳机听mp3比较费电，我换了个音频转换器，用的森海耳机，可以用很长时间。5.拍视频短片，拍的次数多了，会死机，郁闷。最近在换主题时，偶尔会出现白屏。选主题尽量选反映快的。6.发彩信有些图片发不出去，不知道为什么。7.后盖有点松，要注意，不要经常用手去按。有时候换电池，不小心会把插sim卡的金属卡带起来，要留心。,正面,综合,手机使用体验总体良好
酒店,0,"设施陈旧,早餐不太丰富只能说是一般般了",中性,服务,设施陈旧早餐一般
衣服,0,聊斋不行 薄的很,负面,质量,聊斋太薄了
计算机,0,"风扇声音大.3g网速太一般了.100元2G的流量,不知道移动是怎么想了.打开一个网页就得几M了,能打开几个网页,太贵了.速度太普通了.",负面,综合,网速慢且价格贵
酒店,1,酒店地理位置很好，对面就是石家庄最好的商店——先天下。贵宾楼层客房冰箱里的软饮是免费的，还可以享受酒店欢乐时光免费茶点和酒吧优惠等等。总之是物有所值的五星酒店：）,正面,综合,地理位置好物有所值
水果,0,太垃圾了 烂的一半！垃圾京东！垃圾刘**！,负面,综合,商品质量极差
平板,0,买了个翻新机，2016年9月22日买的，里面竟然还有2015年4月的照片，客服竟然说正常现象。,负面,服务,翻新机含旧照片
洗发水,0,不知道标题里写买一送一是什么含义，实际并没有赠送，像这种误导消费者的行为，京东这个级别的电商还使用?未免太低级了。本次购物十分失望。如果有零星的话肯定是零。作为长期在京东消费的顾客来说，被欺骗的感觉更强烈。,负面,服务,买一送一未兑现，误导消费者
衣服,0,尺寸小啦，感觉并不是标准码哦，平手都穿这个尺寸的 结果买回来小了不止一点，建议亲们还是买大一点的号吧,负面,质量,尺寸偏小建议买大
衣服,0,必须差评，已经不再爱班尼路，今天收到，第一次手洗，衣服里面baleno就已经掉下来了，有图有真相,负面,质量,衣服内衬已脱落
衣服,1,衣服不错，发货很快，大小合适，没有色差，不掉色，款式很喜欢，穿着舒服,正面,综合,衣服质量款式服务好评
蒙牛,0,完全无误，这是蒙牛啊！喝着这玩意儿幸福有什么意义？ 事实就是英文有误。。。只是蒙牛觉得丢脸，拒不承认，就好像自身的质量问题，发生了，但是不承认。蒙牛的公关部门存在的意义就在于否认问题的存在么？？还好国外人民不怎么知道这牌子，所以，这英文标语意义也不大。,负面,质量,蒙牛英文有误且拒不承认
酒店,0,电视不能看，服务差…,负面,服务,电视无法观看服务差
书籍,0,"真正的色戒文章非常短,只有十多页,其余二百多页全是张以前的名篇,所以购买慎重",负面,综合,内容不符购买慎重
酒店,1,酒店除了大堂小了点之外，其他都不错房间装修也挺不错，作为4星酒店，足够了比较难得的是，房间还送矿泉水，比较5星待遇了,正面,综合,酒店整体不错，服务有惊喜
平板,1,挺喜欢这款平板的，漂亮。,正面,综合,喜欢平板漂亮
书籍,0,给外甥买了好几套动画片，他最喜欢这一套，而且百看不厌。一张碟子能看几个小时。不断重复的放，他看了还是一直笑。,正面,质量,孩子百看不厌
衣服,0,差差差没有发票。,负面,服务,没有发票
水果,0,外表打蜡，长期买此品，就是希望没有打蜡，有点灰心！,负面,质量,长期买希望无打蜡
蒙牛,0,医生居然买了蒙牛，我是喝呢还是不喝呢还是不喝呢？,负面,综合,医生买错奶让人困惑
平板,0,外观看着还一般，玩着玩着总有广告插件骚扰烦死了,负面,服务,广告插件骚扰烦人
平板,0,分辨率很差，而且买来就一个平板和充电器，保护膜都没有一个,负面,质量,分辨率差配件不全
水果,0,苹果很小，也不甜，说超难吃有点过，可是确实不好吃,负面,质量,苹果小不甜不好吃
酒店,1,刚从丽江回来，在这个酒店住了三个晚上。总的来说，是个很不错的酒店，如果还有机会到丽江，我想我还会选择入住这个酒店。酒店有免费的接机服务，可惜我们一行八人是从香格里拉乘坐巴士到的丽江，没有享受到接机服务，但是酒店还是很热情地派服务生到我们下车的地方，把我们接进了酒店。酒店的房间不错，洗手间也很干净宽敞，还有免费赠送的水果和牛奶，很是贴心。不得不提的一点是，酒店的房间里还提供了一本《丽江的柔软时光》，供游客免费阅读，后来听同伴说，有的房间里还备有《圣经》，呵呵，我常出差在外，住的酒店数不胜数，有提供《圣经》的酒店还是头一回遇到，酒店确实比较贴心，只可惜我是信奉佛教的，如果能提供一些其他宗教的书籍，那就更好啦。。酒店的院子也是本人比较喜欢的地方，我和同伴在院子里拍了好多照片，很是漂亮的一个大院子，适合你在任何时候，坐在那里慵懒地发呆。。还有一点很好，就是酒店的早餐，从早上的6：30开放到下午的13：30，还可以在酒店露天的位置上晒着太阳懒懒的享受美食，很是惬意。。。唯一不好的一点是，茶室的收费问题，有天晚上，我们想在院子里泡茶聊天，于是想找酒店的茶艺居借用一套茶具（我们是福建的游客，随身都带着比较上等的铁观音），但是，酒店却告之，借用茶具是可以，我们可以自己提供茶叶，但是必须由她们来泡，而且，每泡一泡茶，要收取60元的手工费！！我们差点晕菜！要是我们一时茶兴大起，泡个9泡10泡的，这手工费都够住两晚酒店了！！希望酒店能稍微改进一下啊。。。除了这个，酒店给我的印象还是很不错的。。,正面,服务,酒店服务贴心但茶室收费不合理
手机,0,看了LG G639手机功能介绍，感觉不错，所以我刚刚买了一个，买回来才发现，这款手机居然不支持关机后的闹钟，也就是说我得24小时开机闹钟才起作用，那闹钟你就是有100组，有TMD个屁用啊，上网查询，堂堂一个LG公司，居然大部分机型都不支持关机闹钟，关机闹钟是现在配手机最基本的功能了，就是现在买电视机都有遥控一样，难道LG的设计人员是外星来的，我靠！！！大家以后买LG的手机要小心啦，要调查好再买！！,负面,质量,LG手机不支持关机闹钟
平板,1,送朋友的，昨天晚上下单，今天一早就收到货啦！京东的物流120个?，应该是正品。,正面,物流,物流快，应该是正品
酒店,1,"我住的是大床房，房间很大，还有一个蛮舒服的沙发。 但宾馆设施比较陈旧,木头上的油漆都剥落了，服务比较好。同意前面的朋友评价的，“至于说的在房间能看到大佛,呵呵,用天文望远镜也许能行!”",正面,综合,房间大设施旧服务好
计算机,1,小巧啊！做工真的很pp，键盘也不错，敲击的感觉也挺好，我喜欢，明天找同学去重装系统，争取双系统，嘿嘿：）,正面,质量,做工好键盘佳喜欢
手机,0,我是今年刚买的，用到现在已经报废。外屏已坏！内彩屏根本看不见东西。图象完全成花的！待机也就2天。这是我用的多款飞利浦手机里最糟糕的一款。两位同事买了不久也是出现这样那样的问题。PHILIPS已经让我失望。我决定再也不买飞利浦的手机。,负面,质量,手机报废屏坏花屏
计算机,1,优点有：待机时间长、键盘手感不错、无线网卡是802.N速度快、有蓝牙、CPU是N280的，整体感觉不错。,正面,综合,性能稳定手感好
洗发水,1,宝贝收到了，用了很不错的，已经购买好多次啦！,正面,综合,宝贝好用多次回购
计算机,1,替朋友买的，自己都没见到，但想必宏基不会象我买的那个国货长城笔记本那样下三烂吧,中性,质量,担心国货笔记本质量差
水果,1,很好，参加活动比超市便宜，还不用排队往家提，有了京东，超市再也不去了，好评！,正面,价格,活动便宜不用排队
酒店,1,地段还不错， 周边饭店也挺多。房间还行， 就是洗手间实在是有点寒酸。 服务生很热情 就是不太专业。 比起蛇口的那家似乎差些。,中性,综合,地段好服务热情但设施差
平板,0,纵使*和*比京东便宜几十元，我还是因为信赖选择了京东自营，然而没想到就是“京东自营”也忽悠了我。,负面,服务,京东自营被忽悠
洗发水,1,一直用这个牌子的，洗完头发特别顺滑，感谢京东，因为有你，生活如此幸福,正面,服务,品牌好用感谢京东
洗发水,0,说是618价格，结果刚买了就降价了，这618价格也变动这么大？！,负面,价格,618刚买就降价
平板,1,早就想买M3了，犹豫再三还是在华为旗舰店买了，就是图个放心是正品，正好今天便宜了100多块，咨询很多问题客服花雪都热情的回复，态度很好，很细心，下午2点过定的晚上就到了，物流很快，辛苦快递哥了，平板还没有用，不过支持国货，支持华为，相信比较满意。,正面,综合,正品放心物流快客服好
衣服,1,在实体店买过好多件，京东店买过一次，这是第二次在京东店买了，透气柔软，老公喜欢穿，性价比高。,正面,综合,透气柔软性价比高
衣服,1,布料很好，很有手感，物流给力，赞赞赞~~~,正面,综合,布料手感好物流快
洗发水,0,用了快三个月了，效果不是很好，头发还是油，有点坑,负面,质量,使用三个月效果差
洗发水,1,太好用了，价格也非常的便宜。,正面,综合,好用且价格便宜
平板,0,太水了，一碰就碎，不好,负面,质量,太水一碰就碎
书籍,1,初次看这本书的时候，是因为看到作者的经历异于常人，而自己骨子里的叛逆思想渐渐浮上心头。买回家来看之后渐渐地融入到了书里，把自己原先的思想一扫而空。这不是一本单单介绍人生经历的书，而是一部展示一个人的心理历程的书。一些想不到的经历，把你的心带到另一个遥远的地方。慢慢地，慢慢地，每个人都成为了《项塔兰》的主人公，在心中留下一个永远的憧憬与向往。,正面,质量,书内容精彩引人深思
衣服,1,掌柜人不错 。质量很好 服务很热情。,正面,综合,掌柜人好质量服务佳
水果,1,还不错哟，，，味道可以。。。包装扎实喜欢的人下手吧,正面,综合,味道好包装扎实
水果,1,拿到手上还是凉的，从冷库才拿出来，比较新鲜，\(≧▽≦)/\(≧▽≦)/\(≧▽≦)/\(≧▽≦)/\(≧▽≦)/\(≧▽≦)/,正面,质量,商品新鲜从冷库取出
酒店,1,我喜欢这个酒店，因为那里有笑容！因为方便！因为价格合理！还有登州路56号的青岛啤酒！到芜湖，经常因为仓促而订不到国信。一大憾事！,正面,综合,酒店好啤酒棒方便合理
衣服,1,裤子真心不错，和图片一个样，穿上效果更好，喜欢的就赶紧买吧，不要错失良机哦?,正面,质量,裤子与图片一致，穿上效果好
水果,1,苹果味道鲜甜水分足，离不了过头不大的缺点，反正又不贵无所谓了,正面,综合,苹果味好价格低
蒙牛,0,非得到了冬天才想喝牛奶蒙牛的牛奶太难喝了，一股奶粉味,负面,质量,冬天喝蒙牛牛奶难喝
平板,1,黑边比较大，其他还好，耗电控制的不错,中性,质量,黑边大耗电好
酒店,1,根据网评预定400一天标房，到店告知携程协议价只能住西北朝向房间，感到有点霉味，要求换房，换后还是西北向不过楼层高些，霉味小些；房间窗户、家具、卫生间都是旧款，不显档次，床很舒服；服务不错，感觉楼层比前台服务更好；酒店周围环境真好，有山有海，本人在后山散步时差点掉下悬崖，建议酒店及时将后山半截路加上标志和围挡，太危险了！夜间行走和小孩子玩耍更危险！,负面,综合,房间霉味旧款且山路危险
书籍,0,本来满心欢喜的买回这本畅销书，可是还没看完，书的封底就快脱落了。根据我买书多年的经验来看，从书的纸张、印刷质量、包装和内容来看，有理由相信我买到的是影印版。,负面,质量,书封底快脱落，疑似影印版
水果,0,以小重大，哎社会就是多了这样的商家。才让人与人的信任一点一点荡然无存。315应该多一些规则,负面,综合,商家失信破坏信任
洗发水,0,和之前买的不一样 不知道什么原因 洗完头发之后好多头皮屑 洗都洗不掉,负面,质量,头发多头皮屑洗不掉
洗发水,0,不好，用了头皮屑好多！,负面,质量,使用后头皮屑增多
水果,1,很好哦的苹果，是京东统一配货的,正面,综合,京东配货的苹果很好
衣服,1,已经买过好几次，东西真的不错，服务也好， 什么都好,正面,综合,多次购买体验很好
蒙牛,0,一直都不喜欢蒙牛，再次鄙视 蒙牛。。。你真贱。我从不喝牛奶，是因为我不喜欢牛奶的味道；以后更更不想看到蒙牛牛奶，因为你让我恶心。,负面,综合,极度厌恶蒙牛牛奶
衣服,1,支持花花公子，支持京东，小哥服务没的说，下一次惠顾。,正面,服务,服务优秀下次再来
蒙牛,1,我听到好多受灾群众在被迫地高歌政府，还看到好多领导拎着蒙牛去慰问灾民。我是不是应该感动呢？,负面,服务,讽刺政府慰问灾民
衣服,1,买给老公的应该是大小合适老公出差了回来以后穿上在拍图片吧，质量很好，颜色也很正，有喜欢的可以放心购买了，质量真的没的说，必须赞赞，赞,正面,质量,质量很好颜色正
酒店,0,除了位置还行，其他都不怎么样，前台女生还可以，男生看着都跟没睡醒似的，态度也不怎么样，问什么都没表情，房间一股发霉的味道。打扫的阿姨看你要出电梯，拼命的往电梯里挤，只能跟着她再坐一层，自己再坐回去，大早上起来的简直就是浪费时间。问前台是否有健身房，她说不知道。。让我问总台。,负面,服务,服务差态度冷漠环境差
平板,1,平板挺好看的，客服服务也很好，包装盒里送的膜，太差了。平板充电接口处有点小瑕疵，机子确实有点耗电。,负面,质量,平板有瑕疵且耗电
水果,1,很甜很大 包装很好看 速度很快 盒子送礼刚刚好支持京东,正面,综合,包装好看送礼合适
平板,0,赠品全部没收到，真不爽，机子暂时没问题,负面,服务,赠品未收到很不满
洗发水,0,洗发水效果太差，再这不会买。洗完头发糙,负面,质量,洗发水效果差
水果,1,[ ] 我在京东上买了很多东西，又便宜又好，这个真是太棒了，有这个平台真是很高兴，还买到了平时本地买不到的东西，这次买的东西也很好。,正面,综合,东西便宜又好，平台很棒
平板,0,发票没有包装太差,负面,质量,发票无包装太差
衣服,1,裤子很好噢，和实体店里的一样,正面,质量,裤子与实体店一致
洗发水,1,不是很满意 快递很不好 洗发露都洒了一些出来 按钮也是坏的,负面,物流,快递不好洗发露洒出
平板,0,本来不想差评，看在刘QD是老乡，而且老家靠的的也很近，现在确实忍无可忍,负面,服务,老乡关系难忍差评
洗发水,0,骗人的，大促时候购买的，反而比平时要贵很多，无良商家，玩的都是价格游戏。比其他地方购买也贵很多，不要相信,负面,价格,大促比平时贵，无良商家
衣服,1,很不错啊 一分钱一分货 这个价钱买到这样的裤子还是很划算的 喜欢样式和版型 下次还会再来的,正面,综合,性价比高款式好
洗发水,1,套装包装很精美，价格实惠，味道很好闻,正面,综合,包装精美价格实惠味道好
洗发水,1,刚收到就降价*～*套装，挺划算的，瓶子和图片的鲜红不一样～～很香～物流很快，昨天下午拍，今天就到了！,正面,综合,套装划算物流快颜色不同
平板,1,用了几天才来评价，以下是切身体会1.画质和音效不错，看视频啥的体验都很棒，并且比较轻薄2.耗电量：我主要用来看视频和看文档之类的，主要用来学习，差不多一天多（晚上还是也让它休息一下?），如果降低了分辨率，开启省电模式，会用的更久一点3.带上耳机会听到电流声，外放的话基本可以忽略4.最不满意的是指纹解锁，个人觉得不太灵敏，有很多次都是验证失败了，很影响心情，但用我的iphone就不会，秒秒钟开。5.屏幕比例个人觉得不太适合看文档，当然这是个人感觉，可能是我用电脑习惯了吧，但是有护眼模式值得表扬??7.可能是软件不兼容吧，我在微信上视频会有很大很大的回声，完全受不了，但是在qq上视频还好8.网上说的啥子拖影我感觉不出来，可能是我太木了吧?9.是请要下单的朋友注意，送的贴膜如果自己手残就让会贴膜的贴，这个屏幕太大了，跟手机贴膜的难度是不一样的，我就贴毁了，有5、6个气泡，但是也不想重新换了?10.鲁大师跑分12万多，说是正品?,正面,综合,体验总体不错，但指纹解锁和贴膜有瑕疵
洗发水,0,好失望啊，洗了之后头皮痒得不行，感觉不是正品啊,负面,质量,洗后头皮痒非正品
平板,1,拿在手里正好，比手机玩游戏看剧舒适多了,正面,质量,手持舒适胜过手机
洗发水,1,很好，下次还会继续购买。很好，下次还会继续购买。很好，下次还会继续购买。,正面,综合,好评，下次还会购买
平板,0,差评，差评，差评！下单的时候有写赠送耳机，实际没有，还不给补发。差评！,负面,服务,承诺赠品未发且拒补
酒店,0,预订了标准房，付了押金，到酒店却给了大床房。设施己很破旧，淋浴喷头坏。住5楼，6楼噔噔的声音听到，吵。,负面,综合,房间设施破旧且噪音大
手机,1,外观很硬朗，有种粗线条的感觉！很有男人味，好象一个玩具。,正面,质量,外观硬朗有男人味
酒店,1,环境不错，房间很干净。服务人员素质很好，态度很不错，结帐时很快。如果宾馆的人员能看到这个的话，建议餐卷可以重新印一下，早餐的时候我是被误导到4楼去了的。有点不爽。,负面,服务,环境好服务佳但早餐指引失误
水果,1,苹果还不错吧！也没有坏，只能感觉还可以吧！已经吃到剩下一个了……,正面,质量,苹果不错没坏
手机,1,1、最大的优点是有mp3播放器。2、还可以当u盘用。3、又可以当数码相机。真是，手机，相机，u盘、mp3一个都不能少。,正面,综合,功能丰富实用
酒店,1,最近大半年（2007）的周末都是住在这家酒店的。价格适合560元的高级房还是不错的。酒店的服务态度相当好，门童很客气，设施也蛮好的。酒店的销售做得也不错，时常看到一个大团入住。出租车还是蛮好叫的，门口是周家嘴路主要通道，可以去市中心。停车有时候有点紧张。总之，这是一家值得住的酒店！,正面,综合,酒店服务设施好值得住
水果,0,那么丑那幺小的果还卖那么贵.跟街边三块一斤一个样.真的不值,负面,价格,果小价高不值钱
酒店,0,"1服务员态度一点都不好,像是欠她多少钱似的,说话很像地主婆.2进了房间像地下小旅馆,极其不满意,永远不会住这里了.3是这辈子都不会住里了,4大家可以去附近的如家83559989这个店就在他的旁边.",负面,服务,服务员态度差，房间像地下旅馆
平板,0,手机电池用不了一天,负面,质量,手机电池续航差
书籍,1,书是好书，但就是封面不太温文尔雅，让人觉得很惊悚，恐怕晚上放在枕边会梦魇。而且最糟糕的是季老写的序，纯是在瞎掰、凑字数，没话找话说。哎，名人就是有胡说胡些的资本。高中时看过蒙田的精选篇，那时太小，完全不懂。现在却当宝贝一样，爱不释卷，时间真是奇妙的武器，人长大有了些许阅历后，开始不断地追求内心的自由，开始寻找本心，开始懂得生活的智慧...因此也开始把蒙田随笔当宝贝了。,负面,质量,封面惊悚且序言瞎掰
酒店,1,第一次入住该酒店，总体看还不错，房间给升了级，房间感觉挺温馨的，入住?,正面,综合,房间升级温馨总体不错
洗发水,1,第一次在京东买沙宣的东西，不知道效果如何，适合旅行，不错！期待好的效果！,正面,综合,适合旅行，效果不错
书籍,1,书在25号就到啦、今天闲下来来评分、鸡冻中、要重新再看一遍、封面毛毛的质感个人很喜、字体也大比、、大很多希望爱莫的深刻能够深入每个人的心里、以上——四四,正面,综合,封面质感好字体大
洗发水,1,这个物流包装太大了...大大的一个箱子，有点浪费的感觉。是小瓶的，家里的快用完了，看到有活动就下手了。然后还可以领取一瓶小的海飞丝的。,中性,物流,包装过大浪费
酒店,1,可能对香港人来说也是一个新的娱乐场所。酒店设施服务都一流，位置方便，周围有许留山、7－11超市、沙沙、买电子产品、波鞋等都近在咫尺，旺角地铁站，弥敦道也分布在酒店出口处。我和女儿结束迪斯尼的游玩后在那里连住3晚，对我们自助游的人来说还算方便的。从酒店到太空馆、海洋公园、中环等都很快，酒店旁边的集市有买山竹10元4磅，很好吃，我们还一直带回到上海呢！,正面,综合,酒店设施一流位置方便
洗发水,0,洗头发效果不好，之前使用海飞丝没有头皮屑，用了潘婷后就有,负面,质量,潘婷洗头后长头皮屑
水果,0,一.没市场上的新鲜 二.不甜 三.贵到*,负面,综合,不甜且价格太贵
洗发水,1,别人代收 还没开始用 用过再评论,中性,综合,未使用先不评论
水果,1,快递没送上楼也没给我打电话，这回不满意，还是我自己下去拿的，以前从来没有快递这样的,负面,物流,快递未上楼且未通知
书籍,1,为了达到那些令人羡慕的拥有， 而在区别彼此的不同，忘了做真正的自己，也许正是因为太多的惯性和常识才让自己更孤单，这套书很好，可惜一直都无法买全，它的另外几本至今也买不到：爱你本来的样子，你所需要的，你很特别……你是特别的，并不需要具有所谓的成就、才能、性格，而是，你本来就是特别的，在这个宇宙 我是独一不二，没人能取代，梦在手里，我可以。,正面,综合,书很好可惜无法买全
水果,0,刚刚收到货，惊呆了太小啦吧……！口感之后会追加评论分享给大家！,正面,综合,商品太小惊喜口感好
酒店,1,"这样的硬件,这样的价钱,在香港是绝对超值的.保持了喜达屋的一贯高水准.如果去中环的班车免费就更完美了.",正面,综合,硬件超值服务需优化
书籍,1,由于时间关系只能草草的写下。一直很喜欢俞敏洪老师的演讲，最近一直在准备考试，很辛苦，所以特地买了这本书，在自己想要放弃的时候拿出来看看马上会获得很多的动力让我坚持下去。书里面最多的还是提到关于出国的事，我由于条件有限所以暂不考虑，因此还特意买了一本送给我的朋友，她很犹豫是否要出国，希望能帮到她。向大家推荐这本书。任何的成功学书籍都只是一种激励，关键还是靠自己的。,正面,综合,推荐书籍激励备考朋友
水果,1,送货很快，又一个果好像被虫子咬了，其他都很满意。,正面,质量,物流快但水果有虫
平板,0,差评，平板刚到下载了两集电视剧，之后看的时候就卡了，刚买新机就卡了，好差劲就是物流挺好的,负面,质量,新机看剧卡顿体验差
衣服,0,无语了！超感被骗，千万别上当了,负面,质量,超感被骗，千万别上当
衣服,0,一个字，垃圾,负面,质量,一个字就垃圾
衣服,0,修身=裆浅 腰低？ 脑残设计，冬天的衣服腰这么低，裆这么浅，太失败了,负面,质量,设计失败腰低裆浅
平板,0,连续使用20分钟机器就超热。倒霉的一次购物。,负面,质量,机器超热体验差
平板,0,产品质量真不行。感觉买的是刷新机。还经常死机。屏幕上连最基本的保护膜都没有。一次失望的购物。,负面,质量,产品质量差，经常死机
洗发水,0,明明写的洗发露是2瓶，可是只收到一瓶，真没想到京东居然这样虚假销售,负面,物流,收到一瓶非两瓶
衣服,1,十分满意的商品，是自己需要的，五分好评哈哈哈,正面,综合,十分满意需要的商品
平板,0,不会，很多游戏玩不了,负面,综合,游戏无法运行
平板,1,好好好好好好好好！这个价位有这样不错了，很满意！,正面,综合,性价比高很满意
水果,1,很好，喜欢京东的物流和售后，必须的选择自营,正面,综合,喜欢京东物流售后
酒店,1,优点就是位置好，去大运村或中关村办事方便。携程的价格真的不够优惠啊，还不包早餐。,负面,价格,位置好但价格不优惠
平板,0,你妹的！！！差评,负面,综合,强烈不满差评
平板,1,给家人买的，用着还不错,正面,综合,家人使用感觉不错
酒店,1,应该算是蚌埠最好的酒店了。地点有点偏所以周围没太多餐饮娱乐场所，但好在名气响所以打车还是蛮方便的。房间和2年前一样干净，但不明白为什么没有免费饮用水、浴缸处有沐浴露而淋浴房里却没有。以4星论是可以的，但5星的话就有点勉强。,正面,综合,酒店整体不错，但细节有待提升
蒙牛,1,看来蒙牛比人奶还好喝的，还真是挺惊喜的,正面,综合,蒙牛奶好喝惊喜
蒙牛,0,不要脸，继续抵制蒙牛伊利,负面,综合,抵制蒙牛伊利品牌
酒店,1,"适合一大家子外出居住,不过最好是有车.公寓的条件是很好的,确实令人满意.",正面,综合,公寓条件好令人满意
平板,0,客服这态度没法说 还不如那个机器人,负面,服务,客服态度差不如机器人
衣服,0,我以为是保暖的，太薄了,负面,质量,衣服太薄不保暖
计算机,1,键盘大！就是为了键盘才买的。去卖场试过很多机器，也就1000系列可以流畅打字。HP的虽然好评很多，我觉得也就那么回事，而且同规格贵很多，而且那个触摸板太窄了。电池也很爽，这点大家都是说了,正面,综合,键盘流畅打字性价比高
衣服,0,不满意，都起毛了，有点白,负面,质量,商品起毛发白
计算机,1,品牌机优势，性价比还可以吧，到目前为至运行还算稳定，可进行并不复杂图形处理。,正面,综合,品牌机性价比高运行稳定
热水器,1,再次购买，好评！！！,正面,综合,再次购买好评
衣服,0,刚拿到 这么多毛毛 差评,负面,质量,商品毛发过多
书籍,0,我怎么写评论啊，都俩星期了，我的书长什么样还没见到呢！！！！！,负面,物流,书两周未见
手机,0,还有1.各输入法联想词候选太少不方便，比如“上班”要打shang之后再打ban。这是我最不满意的。2.收集操作反应速度明显太慢。感觉用一段时间后程序会出错？反正感觉不是很经用。3.短信发出后没有回执信息？还是我没找到？我买了两周了有3次莫名其妙的自动关机。,负面,综合,联想少、卡顿、无回执、常关机
衣服,1,价格实惠，但质量真心不好，穿不了个把月就烂了,负面,质量,质量差穿不久
水果,0,小，特别小，并且不甜！真心觉得不值 一点都没味道,负面,质量,太小不甜不值
书籍,0,挺粗制滥造的一本书，读了之后觉得都是太浅显简单的东西，稍微有点智慧的女孩，就不用选这本书了！,负面,质量,书籍质量差内容浅显
手机,0,不能上网,负面,服务,无法上网服务差
热水器,1,全五星，一口气买了9个，客人用作都说好...50升和40升的，宾馆用.,正面,综合,全五星好评，宾馆采购
书籍,0,比起期待中的 确实 不是太有用 值得翻阅 不值得买下来,负面,质量,产品无实用价值
平板,1,挺好的平板电脑，用来看小说和视频完全够了，做工和质感在这个价位算不错的。,正面,综合,平板好用做工不错
洗发水,1,这个味道我很喜欢，包装不错，是正品，亲们可以放心购买。,正面,综合,喜欢味道包装正品放心买
书籍,1,终于与儿子一起读完了草房子，儿子只有六岁，有些章节我没有读给他听，但是从故事一开始，他就被草房子里的桑桑、秃鹤所吸引，我也一样，虽然记忆中的童年并没有书中那么美丽忧伤，但是童心未泯的我，与儿子一起进入了草房子和油麻地小学。作者文笔极为细腻，跟着他的描写，就觉得心中那么轻松的抛开了一切，进入他的世界。所以，我向大家郑重推荐此书，尤其适合四五年级的小学生，会对他们的写作水平有帮助的。,正面,综合,文笔细腻适合小学生
平板,0,屏幕亮度有时老闪 一会亮一会暗 怎么回事啊,负面,质量,屏幕亮度忽明忽暗
酒店,1,地理位置相当好，离海港城走路只需五分钟，酒店房间灯光明亮，液晶电视够大，感觉很舒服。惟独酒店大堂小了点。下次我还是选择这酒店。,正面,综合,位置好房间亮下次还选
酒店,0,房间有异味,负面,质量,房间有异味
水果,0,Cnmb，没见过这么差的苹果，无良店铺，死全家，,负面,质量,苹果质量太差
酒店,1,地理位置较优越，房间内干净整洁，不能说很安静但出门在外凡事不能太叫真，隔音还是可以的，可以考虑无烟楼层的房间较安静，总台小姐的服务态度还是可以的，外出旅游住宿可以建议考虑此酒店，去王兴记吃虾肉馄饨或去三凤桥买酱排骨还是很方便的，谢谢！,正面,综合,酒店环境服务佳，周边餐饮方便
酒店,1,"房间不错很干净,交通便利,旁边有大型超市,没有特别服务,价格偏高",正面,综合,房间干净交通便利
酒店,1,如家的定位还是很不错的，我出差还是基本订如家。这次在十一经路店遇到了麻烦，在一楼餐厅吃饭时，钱夹被偷了！本来出门很小心的，看到餐厅里只有很少几位住店客人就餐，也就放松了警惕，把外套放在了椅子上，结果被贼盯上了，做到我后面掏了我的口袋（后悔呀，座到最后一排，恐怕贼就不好下手了！）。小服务员（估计不到20）觉出什么来了，好心提醒我要给我套衣服，我还觉得奇怪，平常没套过呀（活该破财，人家暗示我，我都没反应）。大家再来天津这个店，要小心了！,负面,服务,餐厅钱夹被偷提醒顾客
酒店,0,还是很有特色的酒店，周边方便，价格适中，是最为合适费用有限的,正面,综合,特色酒店性价比高
平板,0,触屏有问题，按着屏幕图标拖一会儿，就会失灵，玩王者荣耀，方向控制轮 盘，控制一会也会失灵,负面,质量,触屏失灵影响游戏
酒店,0,房间小，而且介绍是大床，去了却是1.5米的单人床，和携程商议更换，携程回复他们会去协商并会电话和我联系，我等了两天也没有接到电话，。TMD什么网站啊，以后能不用携程就不用,负面,服务,床型不符且携程失联
洗发水,1,很好，味道好闻，很清爽，泡沫丰富，快递也很快，好好好好好,正面,综合,味道好闻泡沫丰富物流快
书籍,1,今天看了新闻，有一位明星因为癌症去世了，一个歌手阿桑。唉，想想现在的社会要生活的健康真的不容易。买了姜老师的这本书，觉得很有收益。从食物出发，寻找健康是最最根本的。而且既做了公益事业——环保，自己也达到了健康状态，两全其美。如果你不能长期坚持吃素，我觉得偶尔或者坚持吃，或者搭配吃也挺好的。只要能对自己有健康的帮助，我相信你不会不去做的。一本好书，看看吧。有用。,正面,综合,好书有益健康值得看
平板,1,优质，优价，应为华为点赞???!,正面,综合,优质优价华为点赞
平板,1,真心不错?使用方便,正面,综合,使用方便真心不错
平板,1,跟我想象的一样完美，操作流畅，续航时间长，显示清晰，音质好，我很满意,正面,综合,产品完美流畅续航好
水果,1,这苹果真心好吃，就是比想象的要小一些，而且京东自营快递超级快，很好,正面,综合,苹果好吃但偏小，物流快
书籍,0,不觉得有啥好，有很多东西属于故意编造的东东。如黄瓜车、玉米车。哪里有这些东东？,负面,质量,商品内容虚假编造
平板,1,特别好用，经济实惠，玩游戏看电影的话用这个没问题，关键是便宜,正面,价格,好用实惠适合娱乐
衣服,1,布料很好有弹性，很愉快的一次购物，是正品！以后就认准你家产品了。,正面,综合,布料好弹性正品愉快购物
洗发水,1,一直有这个牌子 相信 效果很好 昨天拍的 今天就到了 今天下暴雨 快递员辛苦了,正面,物流,物流快暴雨辛苦了
衣服,0,收到货有呛人气味 试了一下 不合身 质量一般 没想象的好 一直没穿 不退了扔着去吧    建议别买,负面,质量,气味大不合身质量差
衣服,0,没办法穿，无语。,负面,质量,衣服无法穿着
计算机,0,没有无线网卡，但开关，指示灯都有，拆开看了，网卡插槽，天线都预留了，想办法掏一块装上就行。,正面,质量,预留插槽可装网卡
酒店,1,环球城大酒店整体来说还是比较满意哦！房间比较宽敞，有阳台，站在阳台吹吹风很舒服。价钱稍稍贵了些，早餐一般吧！我们住了二天，还好第二天早餐喜欢吃的鸡翼吃哈哈！打扫房间服务员态度挺好的，值得表扬。可是住在亚龙湾去海边很方便，可是去市区吃饭就稍远了些。补充点评 2007年11月12日 ： 入住酒店的人也不算太多，健身房是免费的，我们也去玩了一下哈哈！,正面,综合,酒店整体满意，服务不错
衣服,1,很喜欢，质量很好，穿上很舒服，物流也给力，卖家服务热情，非常满意！赞,正面,综合,质量物流服务都好
水果,1,买了好多。京东生鲜真方便，现在大部分都是在京东买的啦， 质量还不错。,正面,综合,京东生鲜方便质量好
水果,1,表面看起来还好，还没吃还不知道好吃不好吃,中性,综合,未尝不知味道好坏
平板,1,质量非常好，华为的品质保证很好，以后还买华为手机！！,正面,质量,华为手机质量很好
洗发水,0,垃圾京东，垃圾服务，都别在京东这个卖二手货的地方买东西了,负面,服务,京东二手货服务差
平板,0,这个平板买来才知道没有给皮套配赠，网上写的是有皮套和贴膜。我给客服说了情况。客服说没有。那为什么网上用红字写的送专用皮套十专用贴膜2张？,负面,服务,宣传承诺未兑现
平板,0,买个老人用的，一开始没关注，也没怎么用，关机了一周，18天后发现问题，但说超过退和换的时间！充电两个小时，只完成11%，充满后打开，12分钟后只剩58%的电！遇到这种问题，还是说不能换！严重怀疑京东给的是否新的平板！,负面,质量,充电异常怀疑是假货
书籍,1,"在等待书的几天里，我一直戴着一个液压油封，换过来换过去，身边的人都不知道我戴的是什么，我告诉他们是提高运动灵感对抗疲劳的。昨天快递公司来电话预约今天上午送货，但上午在家没等到快递员，下午要开会，于是出了门，走在路上，给快递员打电话，不料快递员当时和我距离不到100米，于是很顺利拿到书。似乎是“吸引定律”发挥了作用，“寻找你就能找到。”拿到书和紫手环了,真开心！和很多朋友感受一样，戴上手环才知道自己一天有多少抱怨，甚至连自己都吃惊，仔细回想，除了抱怨、批评和闲话，一天剩不下几句好话了。进入有意识的无能阶段，虽然还有抱怨，但我相信我会成功的！",正面,综合,戴手环反思抱怨，收获书籍很开心
酒店,1,房间挺大卫生也还行就是洗澡水早晨有点凉,中性,综合,房间大卫生好但水凉
蒙牛,0,毒品的祸害远比切糕大 蒙牛恒久远，切糕永留存。。。。。,负面,综合,切糕比喻不当引发争议
酒店,1,离火车站、长途汽车站很近，打车起价就到（五分钟内），楼下有24小时营业的麦当劳（点餐可免费送至房间），出大门往左便是平原商场，其对面是影剧院。,中性,综合,位置便利交通购物娱乐齐全
平板,0,最不满意的是没有电子发票,负面,服务,未提供电子发票
洗发水,1,产品外包装很好，打开盒子看到拍得整整齐齐的洗发水和护法素，京东快递大哥很好人，态度非常棒！值得推荐，有需要还会来！,正面,综合,包装好物流佳服务棒
水果,1,一直在京东购买，服务满意，品质保证,正面,服务,京东服务满意品质好
酒店,1,"服务绝对温馨,深夜入住,上楼出电梯的时候竟然还有服务员笑脸相迎,送进房间,铺好床铺道声晚安,感觉好亲切!早上起床用餐,服务也绝对可以,以后还会去住,只是酒店设施方面可以在上一个层次!",正面,服务,服务温馨亲切设施待提升
酒店,0,晚点，自己订的房间，入住时候全部是航空公司安排的旅客堵在前台，各种的吵架砸东西。前台不知所措，保安不作为，在国外早报警了。大堂经理也不作为，同时不理会我们这些自己付钱的客户。接近3小时才给我们房卡，进去发现有人，下来大堂又重新花了半个小时才拿到房卡。期间被蚊子咬了多个包！这样的酒店，一定要让其他旅客认清楚，你们不怕就去住吧！,负面,服务,酒店服务差，前台混乱
酒店,0,房间太小，无电梯，周围环境还可以，但正在修路，非常嘈杂,负面,综合,房间小无电梯修路嘈杂
酒店,1,房间里面的破地图，竟然要收费10元，是唯一的遗憾莫不如酒店自己印个地图，方便客人总体说，比对面的圣地酒店好太多了,负面,价格,收费地图不合理
洗发水,1,也不能说是假的，品牌没有错，但是会和超市里买的质量差好多这就是电商专供货品，也是便宜的原因，羊毛出在羊身上，一分钱一分货！这些生活用品无伤大雅的还能送货上门，觉得还是挺方便的。,中性,综合,品牌不错但质量差，电商专供便宜
酒店,0,位置靠近机场，环境一般，设施陈旧，不干净,负面,综合,环境陈旧不干净
手机,0,1、屏幕下方的导航按键及拨号、挂机键设计得十分糟糕，操作非常不便。特别是导航按键，又小又紧凑，按起来非常吃力。而在一些操作中又不得不用到导航键，比如机子自带的游戏基本上都要用导航键操作，结果就是这些游戏基本上都没法玩。2、TF卡有兼容问题。当时买机子时附送的64M卡已经拷了几首歌曲，卖手机的小姐放了一首试听了一下很正常。结果到我买回来后再放就显示“格式不正确”，一首歌也放不了。我又试着进行复制、删除等操作，结果总是显示“记忆卡写错误”，后来连记忆卡上的内容都无法显示了。连到电脑上格式化后拷了几首歌放了一下又正常了，但用手机上的更名、删除、复制或移动功能操作一次后问题又出现了。最后拿到售后那里给工程师看，他说这款机子设计有问题，不支持32M以上的TF卡。无奈之下我就把机子退了。不知道这个问题是这款机子的普偏问题还是个体差异的问题。3、SIM卡上的联系人不能设置来电铃声、来电大头贴、来电群组等功能，不够方便。4、未接电话和已接电话显示区别不明显，如果不仔细对比未接电话和已接电话的小图标颜色，很难知道哪些是未接电话，哪些是已接电话。5、拍照效果很差，怎么拍都很模糊，不知道是不是我买的这部比较糟糕。而且设置了拍摄延时到时间后不能动，还要再等一下，否则就拍废了。6、说明书说明简陋，很多功能都没有详细说明，一些功能根本就没有任何说明，比如未接电话和已接电话图标的区别。7、后盖设计不理想，打开费力，打开时总是担心把下面的两个塑料卡扣扳断。8、没有提供任何软件可以备份电话簿到电脑上或者在电脑上对手机里的数据进行操作，只能当U盘用。,负面,质量,手机导航键设计糟糕
衣服,0,奉劝各位千万不要买这家的东西，什么垃圾货，严重掉色，泡了三次水还是黑得跟墨汁一样！,负面,质量,严重掉色像墨汁
酒店,0,"大堂经理服务意识不足,房务员把我的隐形眼镜盒子丢了,大堂经理查了竟说没这事",负面,服务,房务员丢隐形眼镜盒
洗发水,0,为什么是开过的洗发水都流出来了、是用过的吗？是这样子包装的吗？,负面,质量,洗发水开盖即漏
洗发水,1,用了一段时间，效果确实挺好的，挺不错，还会再买这个品牌！,正面,综合,效果挺好会再买
水果,1,不错，给爸爸买的，看着就灰常好吃,正面,质量,爸爸买的食品好吃
酒店,0,垃圾硬件、垃圾服务、垃圾餐食！,负面,综合,垃圾硬件服务餐食
计算机,1,"作为上网本，屏的分辨率还是越大越好，HP的只是1024x576,虽然Gateway 也只有600,但大这点也是好的。实际用了就只知道。",正面,质量,上网本屏幕分辨率大更好
书籍,0,"写的还好,就是看着看着就不想在看了.",负面,综合,看着看着不想看了
衣服,1,衣服穿着感觉不错，算是物美价廉了，就是买大了一号，穿几天准备再来一件?,正面,综合,衣服不错但买大一号
衣服,0,掉色严重，不怎么好看。,负面,质量,掉色严重不好看
书籍,1,我们学习巴菲特的日的并不全是赚钱，而是学习巴菲特做人、做事、做投资的基本原则，这些原则体现了大师的智慧；可以帮助我们解脱人生、事业、投资中的迷惑，寻找一条真正长期成功的正确道路。这本上上乘的传记作品的好处就在于，如果你还不是一个投资者。它可以帮你成为一个投资者；如果你已经是一个投资者，它可以让你变成一个更出色的投资者。,正面,综合,巴菲特传记帮助投资者成长
水果,0,苹果超级小，有几个跟鸡蛋一样，真不知道怎么刷出来的评论,负面,质量,苹果太小像鸡蛋
平板,1,华为荣耀中国的品牌支持中国品牌华为荣耀平板在京东上关注这款平板已经关注很长时间了，这次下单买给儿子玩，没想到效果居然这么好，儿子非常喜欢，系统非常流畅，色彩非常艳丽，内存非常大，值得大家购买，相信京东支持京东比实体店便宜很多，下次如果买还在还在京东上面买，支持京东,正面,综合,儿子喜欢平板流畅色彩好
衣服,1,好，已经穿上了，薄料舒适，很满意,正面,质量,薄料舒适很满意
计算机,0,装XP系统要换回IDO接口，比较烦，不过装Vista就没问题！还有就是刚买的当天，这里就送东西，亏大了。。。。,负面,服务,装系统麻烦送东西亏
酒店,1,虽然大同的市容不敢恭维，但是花园饭店的服务和设施还是不错的，基本上在内地二线、三线城市中算得上较高水平了。早餐很好，名不虚传。,正面,服务,大同花园饭店服务设施好
蒙牛,0,在蒙牛第一次出问题之后，我就拒绝它了。后来它第二次出问题，这就是消费者惯的。现在第二次出问题之后还继续喝蒙牛，太不明智了，坚决抵制吧。 死磕到底@环球时报,负面,质量,拒绝蒙牛，坚决抵制
平板,0,包装简单，就一个塑料袋装着，而且手机包装已经打开。有怀疑是不是二手。,负面,质量,包装简陋疑为二手
计算机,0,既然有thinkpad的鼠标，为何不送一个呢。今天去广州自提点的时候差点就要抽其中一个前台MM的耳光。拉着个脸，说话很不耐烦，好像大家都欠她钱似的，素质真的是太差了！严重侮辱了晶东的形象！,负面,服务,前台态度差侮辱形象
书籍,1,"这本童书,是我目前最喜爱的,爱不释手的翻看多遍,不同时刻不同环境会有不同感受,第一感受是:这不仅仅是本童书,还适合于情人之间,亲人之间,姐妹之间,朋友之间~~~~因为这份爱,表达的是这么纯真和直白,一点点杂质都未掺.翻看给两岁半的儿子看时,他老是指着大兔子叫:爸爸!爸爸!我仔细观察,发现那只大兔子,真的是男性的表情和动作,呵呵~~~非常非常好的一本书!",正面,质量,童书适合多人群体
酒店,1,闹中取静，交通方便，价格实惠，服务基本到位，房间设施虽稍显简陋，但值得推荐。,正面,综合,交通方便设施简陋但值得推荐
平板,1,打王者荣耀很快啊，只是屏幕太大了不好操作。单手放个斩杀都放不了哈哈←_←好评了,正面,质量,屏幕大难操作好评
平板,0,返回键还占用屏幕一行，看起来特别不舒服，设计的太差了,负面,综合,键占用屏幕一行设计差
水果,0,苹果太小，还有黑点，可能一分价钱一分货吧！不过快递超快！,负面,质量,苹果有黑点不值
酒店,0,11：00落地，坐上11：30的酒店接机车，11：45到酒店。但前台服务超差，爱理不理，在大把空房的前提下，故意给了间最靠边最吵还是有烟的房间，根本无法住，无奈又换房。如果不是第二天的早班机，没有人会花钱买白眼，而且酒店又靠近机场，很吵无法睡觉。只是班车很准时，师傅还帮放行李。,负面,服务,前台服务差故意给差房
衣服,1,强烈建议买买买，裤子质量超好的，感觉买到这条裤子就是赚到了。偷笑偷笑，很喜欢哦,正面,质量,裤子质量超好
计算机,0,装系统实在是太麻烦了。要是在购买电脑时商家能提供详细的更换XP系统的步骤就好了。,负面,服务,系统更换步骤太麻烦
平板,1,很好，我很喜欢，送货快,正面,物流,喜欢商品送货快
酒店,0,经济类酒店，所以价格适中。酒店设施服务就一般了。虽然在亚龙湾，但是交通十分不方便，下次还不如住在市区。,负面,综合,交通不便，设施一般
酒店,0,一进酒店就闻到一股刺鼻的难闻味道，房间也如此，实在受不了。第二天早早醒来，一刻也不想多呆，匆忙退房离开,负面,综合,酒店异味刺鼻，不愿多待
衣服,0,很差差到不穿,负面,质量,质量太差无法穿着
水果,1,苹果很好，还有潘石屹写的卡片，个头很匀称，味道可口,正面,质量,苹果品质好味道佳
洗发水,0,好差，洗了后好多头皮屑，整天满头是头皮屑,负面,质量,洗后头皮屑多
平板,1,京东自营店信誉值得信赖，送货师傅服务没的说，满分好评，以后会继续购买。,正面,服务,京东自营信誉好服务满分
手机,0,质量简直是差到了极点，我刚买回去不到一个月时间就排线出问题了，就象上面那位兄弟说的一样，找个售后服务点比上天还难，我东跑西跑，最终还是在一个小角落找到了。那位维修的师傅随便给我搞了几下，我又拿着没有保障的东西回家了~~~没有等多久又出问题了，我简直就不想说什么了，这种公司开来做什么，我全你们还是早点申请破产算了，不要再继续来坑害我们这些无辜的老百姓~~！！！我买手机就几个月我已经把他们维修点给混熟完了，3天两头的往那跑，我建议要买手机的朋友们你们千万千万不要买“科健”哈，不然你们肯定会后悔的~！！！！！,负面,质量,手机质量差维修难
水果,1,买了好几次了，孩子很喜欢吃，有特殊的香味,正面,质量,孩子爱吃有香味
洗发水,0,你们的沙宣也是海飞丝香味一样么。,中性,综合,询问沙宣与海飞丝香味是否相同
平板,0,前面买，后面跌价，不快活，想骂人……贴膜都不送个！,负面,服务,买后跌价还无贴膜
蒙牛,0,哎！ 不会是蒙牛干的吧 严惩真凶！,负面,综合,严惩蒙牛真凶
平板,0,看着还行，按键太松，一碰就响，屏幕不知说太灵敏好，还是太不灵敏好，有时没碰到自己到下一页面了，有时按好几下不动，有钱了换ipad吧,负面,质量,按键太松屏幕灵敏异常
水果,0,质量很差，还有坏的，非常失望，前往不要买，成都的客户,负面,质量,质量差有坏品勿买
衣服,1,东西收到了 质量非常好 和专卖店一样质量喜欢的亲赶快下手吧 店家服务态度很好,正面,综合,质量很好服务佳
衣服,1,宝贝还不错，买给爸爸穿的，物流也挺快的，卖家态度也很好总体来说比较满意，以后就从你们家给爸爸买裤子了，希望卖家可以一如既往的这么好,正面,综合,宝贝不错物流快态度好
水果,1,性价比蛮高的一款苹果，个儿属于中大，口感满新鲜的，拿到还是低温状态，非常棒,正面,综合,性价比高，新鲜低温
酒店,0,"酒店比较旧，设施也比较老，客房服务人员态度比较冷漠，而不讲普通话，让我们外地人觉得有点麻烦。客房里不能烧开水,需要打电话叫服务员送开水过来。",负面,服务,酒店设施旧，服务冷漠
水果,0,不好吃，不脆，    有几个有碰伤，    包装完好整齐，    物流快速,负面,质量,不好吃不脆有碰伤
书籍,1,很久以前就看见这本书，我一直认为又是媒体的炒作，于是置之不理。有一天在网上下载了DOC版本的来读，谁知道一读就收不住了——没有华丽的辞藻、没有谄媚的讨好，有的只是自我反思和自我激励！面对急功近利而浮躁的学术界，自我反省和深思正是我们所迫切需要的。沉思录不是什么灵丹妙药但却是我们的良师益友！可能是因为是英译版，有些地方玩味不清，但是，沉思录真的值得花一点时间去慢慢的品尝！,正面,综合,书值得慢慢品尝
水果,1,早上下的单，下午就到。    微酸，很脆口。就是小个了点，丑了点。    其他都好，看图。,正面,综合,物流快口感好个头小
平板,0,华为手机行，可这款平板真心的差，其超大的黑边让人难以接受,负面,质量,平板黑边太大难接受
水果,1,好吃，新鲜，包装也很好，送人很不错,正面,综合,好吃新鲜包装好送人不错
衣服,0,我懒得说了，还要34元，被坑了，不如宝宝店上的续点背心牌子，比你的背心便宜质量好。,负面,价格,价格高被坑不如别家
平板,1,给老爸买的 手机看新闻视屏太累了 作为他的生日礼物 不过1733到手价买的 现在只有1688还不能申请价格保护 觉得有点亏 下次还是别买什么限购或者赠品的东西 京东不让退差价的,负面,价格,价格未保保护差价
水果,1,好吃不贵，物美价廉。发货速度快，送货服务好！点赞京东！,正面,综合,物美价廉服务佳
计算机,1,性能好，性价比高，对于编程来说是很好的选择，集成显卡够用，并且不用担心很大的散热量，风扇散热也很好,正面,综合,性能价格比高适合编程
酒店,1,五星级酒店空降在富阳这个小地方。硬件没有什么可抱怨的，大堂气派非凡，杭州也很难挑出可以比的。江景一览无余。除了房间的一些小细节做的和大城市的五星级还有些小差距，但是在富阳，你就别想找个更好的地方了。这个酒店要是在杭州，就是800元一晚也找不到，500多的房价算是可以了。问题是，问什么在富阳会有这么好的酒店？,正面,综合,富阳五星级酒店性价比高
平板,1,买来看书用的还算满意。,正面,综合,看书用满意
平板,1,平板用总体感觉还不错，就是WIFI经常自动切换无线网，不知道在哪里设置。。。,正面,服务,平板总体不错但WIFI切换难设置
水果,0,太小，没味。没放两天就快烂了。便宜没好货。,负面,质量,太小没味易烂
计算机,0,自带的Linix系统上上网还可以，想玩其他的功能毫无疑问得换XP.偶在京东订的时候为了装XP方便，一起买了阿帕奇的USB光驱。到货后，发现该USB光驱无法引导系统光盘启动，已验证过该光驱读写功能正常。,负面,质量,光驱无法引导系统启动
平板,1,华为的东西品质好，值得信赖！,正面,质量,华为品质好值得信赖
衣服,0,大小合适，面料不错,正面,综合,大小合适面料不错
洗发水,0,不怎么样，用起来没有以前买的好用！,负面,质量,不如以前好用
酒店,0,位置不错，为了赶飞机的建议住这里，还有机场的接送班车。房间真的不怎么样，拥挤，简单，旁边吵。服务也没那么贴心，可能是酒店性质问题，没什么所谓的微笑服务，不过还算耐心。卫生还算干净。总体觉得，估计是位置比较特殊，而且基本是为了赶飞机才来住的，所以各类设施等等都有限制。,中性,综合,位置好但房间拥挤服务一般
书籍,1,刚看完一本如何说孩子才会听再看这个，感觉这个更适合中国的宝宝。现在很多的家长都努力给孩子过早的学习各种知识，外语论语作文三字经等等等，这本书让我感觉受益匪浅。儿子现在1岁10个月，从1岁开始就非常喜欢看书听故事。看完这本书之后，希望能以更好的方式引导他培养这方面的爱好，而不是过早的以各种学习来占据他本应该幸福快乐的童年。这本书的很多方面都比较有借鉴意义。,正面,综合,书适合中国宝宝，受益匪浅
水果,0,实在不好，太小了，也不新鲜，都是在产品里没人要的东西，实在让人失望,负面,质量,商品太小不新鲜让人失望
洗发水,0,不好，连包装都没有，特别希,负面,质量,包装缺失质量差
计算机,1,做工很精细，外观非常漂亮，SONY不愧为品牌。至于说配置那当然没一般机子性价高了，本人就冲着品牌去的，此配置对我而言是满足了。,正面,质量,做工精细外观漂亮满足需求
平板,0,选的套餐，本本的套子颜色不能选，更可恨的是膜竟然是7寸的！那选套餐还有啥意义？这帮坑人货，不想多说了！还得重新买膜35元！套餐里7寸的膜打折后才4元！,负面,服务,套餐膜尺寸不符需重买
水果,0,这是吃的最难吃的苹果，一点苹果的香味儿都没有，只是一个口感比较脆，而且个头都特别小，不知道哪来的那么好的，好评,负面,质量,苹果难吃没香味
水果,0,口味有点酸，卖相不怎么好，圆的圆扁的扁，红的红花的花白的白，早知道就买一箱，因为上次买京东自营的洛川苹果很好就相信这个也不错，结果很失望,负面,质量,苹果酸味重卖相差
衣服,0,颜色和图片不太一样，感觉被坑了。,负面,质量,颜色不符感觉被坑
蒙牛,1,蒙牛做的校园模拟销售大赛算是取得了不错的成效，赚尽了吆喝，小投入获大收益。这算是一次不错的营销策略吧。,正面,综合,营销策略获大收益
水果,0,第一次买他家水果，太失望，三个火龙果哪有1.1公斤啊，坑人啊，实际共重1.61斤，个头非常小，小的可怜，照片为证，大家看着办吧，我可是再也不买了 ，一个星都不想给,负面,质量,火龙果分量不足个头小
洗发水,1,第一次用清扬。但愿它给力。主要是看这次搞活动才买的。,正面,综合,首次试用期待效果
衣服,1,裤子质量非常好，男朋友很喜欢，下次还会来，多买,正面,质量,裤子质量好，男友喜欢
蒙牛,1,﻿蒙牛很牛,正面,综合,品牌认可度高
衣服,1,质量不错，样式好看，大小合适，和卖家描述的一样,正面,质量,质量样式大小合适
洗发水,0,看看这low low low的包装！就这样就送过来了！还有就是发错货了好吗？根本就不是订单上的套装！一星都是全给快递员的……,负面,物流,包装差发错货差评
书籍,1,故事简单易懂，所以，孩子很快的就读完了所有的书。并且，她还将几本书带到学校里去，借给她的同学一起来看，说，同学也很喜欢。但是，遗憾的是，她带去的一本《汤姆的小妹妹》竟然找不到了，不知是被哪位同学拿走了，也没有人承认！很让人气愤，我是很在乎书的人。所以，以后要孩子谨慎的带书去学校看了。不想总是把心爱的书借出去了，却不知是谁干的！喜欢，所以，以后有机会的话，会补买那丢失的一本。,负面,质量,孩子借书丢失很气愤
平板,1,喜欢京东的理由就是快，发货快，送货快，宝贝收到了！正在安装，给孩子做作业用，希望不要让我失望！,正面,物流,发货送货快期待好评
洗发水,1,原来一直用丝蕴，这次同事推荐用的，洗完后头发很柔顺，很好很好很好,正面,质量,头发柔顺效果很好
洗发水,1,还没用过这牌子的呢，换了试试，总用那几种，腻了。包装很好。,正面,综合,换品牌试试，包装很好
水果,1,很好吃，实惠，包装保护没有碰坏，很好！,正面,综合,好吃实惠包装完好
酒店,1,酒店五一期间不对外打折，经过电话咨询后，酒店和携程沟通后放开了空余房间，我们顺利的预定了二间房间。酒店硬件还不错，但床不是很舒适的那种。可能是五一期间，早餐品种不多且新补充食品似乎不能及时。我们退房时候匆忙，忘记一个房间内柜子中放置的备用衬衫和裤子了，幸亏服务员查房比较仔细，在结账时及时送还了衬衫和裤子；但我们将一本考试用书忘记在另外一个房间的桌子抽屉了。我们在第二天晚上20:30才发现，当时已经到太原了，电话联系酒店大堂副理（男的），对话里对话先是推托说明天再答复，后来说查一下告诉我结果。后来打来电话说客房没有。我又打电话问了客房部，客房部的一位王姓的小姐告知我他们发现的该书，问如何给我。真是感谢她！我请她代记录下我北京家的地址和邮编，请她们帮忙EMS快递一下，邮费由我出（选择对方付款）。第三天上午，我再次电话给客房部，说书已经送达前台了，真晕。幸亏碰到了大堂经理李小姐，她答应用EMS给我快递，并垫付了邮资（因为当地没有对方付款选项），我当晚在石家庄上网后，通过网站银行给李经理的账户转账了邮资。感谢李经理！同样是经理，差别怎么这么大呢？,正面,服务,酒店服务补救及时，感谢经理垫付邮资
洗发水,1,真的很划算，非常快，非常满意！,正面,综合,划算快速满意
洗发水,1,宝贝不错很好！！用着也不错！！下次会再来的！,正面,综合,宝贝好用下次再来
洗发水,0,佳假的！！！！！！！！？！！！！！！！,负面,综合,商品质量太差
洗发水,1,已经多次购买了，真的很好用，朋友都说我用了它以后不用护发素都很顺，特别实惠，一瓶我们都用半年，两个小的都送人了，希望她们用好了也去京东购买，给快递小哥一个赞，可能因为618太忙了，推迟好几天送来，小哥也辛苦了加油！，,正面,综合,好用实惠物流快
热水器,1,真漂亮，我喜欢，质量好，跟描述的一样,正面,质量,商品漂亮质量好
衣服,1,裤子收到了，质量不错款式漂亮，穿着舒服下次还会在来的！,正面,质量,裤子质量款式好穿着舒服
酒店,0,订的普通双床 酒店给的是东苑未评分的房间标准 价格不一样 商家偷梁换柱,负面,服务,酒店偷梁换柱换房
蒙牛,0,听那怪兽老师讲了两堂的蒙牛。。。。恶心... 蒙牛有什么好的,负面,质量,听怪兽老师讲蒙牛很恶心
热水器,1,好的很，特别快递特快，谢谢还有礼物,正面,物流,快递特快还送礼物
平板,0,扔垃圾桶了,负面,综合,商品被扔进垃圾桶
水果,0,好差，太小了。就一点点大。。坑得死,负面,质量,商品太小质量差
手机,0,划屏实在惹人讨厌.待机时间干不过师兄九A九++,负面,质量,划屏讨厌待机短
计算机,0,喜欢AMD的芯片，性价比不错。这款散热不错喜欢AMD的芯片，性价比不错,正面,综合,AMD芯片性价比高散热好
书籍,0,看乐以后感觉是很傻的书，直接送给初中的小朋友了,负面,质量,书很傻不适合初中生
蒙牛,1,媚姐的蒙牛古老酸奶眞好吃，氣死她。哈～,正面,质量,酸奶味道真好吃
书籍,1,最开始是在机场等飞机时发现这本书的，觉得特别好，就一直站着在那里读，因为机场不打折，所以回家后就第一时间在当当上买了这本书。读过她的好多书，喜欢她也喜欢她的书，知性的美丽，成功的自信，但只有真正读过她的书才知道，所以成功后面也有付出，所有付出都会有回报。女人的美会有很多种，但作者的美丽不但因为青春流逝而减少。忙碌的工作和生活之外，看看这本书，会让你思考很多。,正面,综合,书内容深刻引发思考
洗发水,1,洗发水一直用清扬，清扬洗发水一直在京东购买，是正品，值得购买，快递给力！,正面,综合,正品洗发水值得购买
手机,1,180度旋转摄像头，手写触摸屏幕，支持MP3铃声，支持多媒体影音播放,中性,综合,支持旋转触摸和多媒体播放
水果,1,很新鲜啊！脆脆的！很甜，唯一不足的就是有点小，比想象中的小好多！数量还可以，价格也还可以，好吃就行！第一次在京东买水果，以后再来！,正面,质量,水果新鲜脆甜偏小
计算机,0,大体感觉外观设计比较粗糙，快捷键的位置手感不好，右侧的插鼠标的U口偏下（在光驱以下）使用起来困难，由于是新品改装XP系统比较困难，需从宏?香港主页下载驱动,负面,质量,外观粗糙手感差驱动难装
衣服,1,到宝贝了，买给朋友的，跟实图一样，穿着好看他也喜欢。而且卖家态度很好，物流也挺快的没等多久，裤子摸着舒服，质量不错，我觉得是一次很满意的购物。,正面,综合,宝贝与图相符，质量服务好
洗发水,1,"质量非常好，与卖家描述的完全一致，非常满意,真的很喜欢，完全超出期望值，发货速度非常快，包装非常仔细、严实，物流公司服务态度很好，运送速度很快，很满意的一次购物",正面,综合,质量物流服务均非常满意
平板,1,质量不错，帮客户买的使用了段时间,正面,质量,质量不错帮客户买
洗发水,1,很高，价格非常实惠。随便找几个图来拿京豆,正面,价格,价格实惠性价比高
水果,0,每一个都是酸的。苹果不是又香又甜吗？难道我买到假的了？,负面,质量,怀疑买到假苹果
衣服,0,"裤子材料太次,以次充好",负面,质量,裤子材料以次充好
衣服,1,裤子收到了，质量非常好这个价格买到这样质量的裤子简直太高兴了，下次还来这家店买，建议大家可以买，质量很好的,正面,质量,质量很好性价比高
平板,0,32G内存跟16G的没区别，卡得很，机子反应太慢了，用不到1个月时常黑屏。,负面,质量,内存卡顿黑屏
衣服,0,气味重，还掉色，果然便宜没好货,负面,质量,气味重掉色便宜没好货
水果,1,很好，很新鲜，也很脆，收到货立刻吃了一个，很好吃,正面,质量,商品新鲜脆好吃
水果,1,好评！京东一如既往的好！继续支持！吃了一个很不错！,正面,综合,京东服务好质量佳
洗发水,1,一直在京东买这个洗头膏，真的很好用，还很划算,正面,综合,好用且划算
衣服,1,好裤子，料子好，尺码正，有小小的弹力，穿着舒服，推荐购买。,正面,质量,裤子料子好尺码正
酒店,1,环境不错，服务也可以，不太好找，不能上网实在不方便,正面,服务,环境好服务佳不便上网
洗发水,0,不知道是本人的原因还是因为啥，用过之后会掉头发,负面,质量,使用后掉头发
水果,1,苹果包装好，但个头不统一，有极小的哦，口感不错，冷鲜真不错,正面,质量,包装好口感好个头不均
衣服,1,款式很不错，穿的很舒服。物流速度快。。五分噢！！继续加油加油↖(^ω^)↗,正面,综合,款式舒适物流快好评
计算机,0,中通太垃圾，到了不通知，很多地方都不送到，得自己去取，京东也太那个了，大件也不用好点的快递。还有有哪位大哥知道麦克风咋弄啊，我的麦克风没声音,负面,物流,快递不通知难取大件没声音
衣服,0,裤子质量不好 才拿到手就开线 在大腿这,负面,质量,裤子到手就开线
衣服,0,布料差，色差大，,负面,质量,布料差色差大
水果,1,可以，是冷藏保鲜的……当时就洗了一个直接开吃，口感也没什么让人觉得不好的……都ok 值得买,正面,质量,口感好值得买
衣服,1,穿上很舒服 大小合适 面料不错料不错,正面,质量,面料舒适大小合适
平板,0,手机还好 像素1300万 我想说有300万吗 还没有我已经用了两年的800万的好,负面,质量,像素虚标，两年未升级
衣服,0,收到的跟照片的根本不是一样，而且裤脚好大，穿上就跟七八十岁的老大爷一样165的也长出好多，直接可以拖地的，也就没有下次了，我也是醉了,负面,质量,实物与照片不符且裤脚过大
书籍,1,这本书我已经来回看了5遍了，每次都是说不出来的感动，觉得照着书上所说，我就可以变成万人瞩目的美女，（呵呵，小女子爱做白日梦），但是照着那个洗脸法来尝试，脸色真的有很大的好转，原来老是脸色发黄，现在白嫩了很多，连吝啬夸赞我的老公都说怎么用这个洗脸这么白呢。更关键的是，用书上那个转腰和下腰的运动，再加上脸部按摩，觉得自己的鼻梁有所增高，强烈建议想魅力无穷的女士人手一本。,正面,质量,书指导变美效果显著
洗发水,1,东西很划算，还有赠品，沙宣大品牌，值得信赖!,正面,综合,东西划算有赠品
衣服,1,裤子质量很棒，穿上很舒服，卖家态度也超好的。,正面,综合,裤子质量好，卖家态度好
衣服,1,不错，很好款式好看，质量也不错。,正面,综合,款式好看质量不错
计算机,1,送货快，下单后第二天下午就送到了。应该未被拆过，特意看了下，连个指印也没有。Vista也还好，不觉得比台式机开机时慢很多；送的包包很喜欢，好多小包包，很有趣。,正面,综合,送货快包装好配件多
洗发水,0,用完头发很毛糙，一点儿都不顺，真心感觉是假货。,负面,质量,头发毛糙不顺疑似假货
书籍,0,我现在有点怀疑是不是她的女儿写的这本书！很幼稚的写法，很傻的笔力，很无聊的字眼，一天连上几次厕所都要写得话，我觉得不是作者有病，就是日本有病！！！实在不能容忍这种东西，这本书我是白买了！！！但有一个好处就是教小孩如何认字的,负面,质量,文笔幼稚无聊，白买了
平板,0,差差差真卡渣渣品牌以后在也不相信大品牌了坑是了,负面,质量,品牌质量太差不可信
洗发水,0,感觉是假的，头皮屑越洗越多,负面,质量,感觉假货头皮屑增多
书籍,1,这本书与一般的儿童书籍不同，让孩子知道结局并不都是“幸福地生活在一起”，野兽也会永远不可能再变回王子，“无法挽回”也可能就是结局。这是生活中经常遇到的事实，达尔让孩子们了解到现实的残酷，但我们不需要因为有不好的事实存在而沦陷在绝望中。生命的意义被达尔在这本书中向孩子们揭示：生命是用来做有利于人类的事情的，生命的强大，不在于它的长短，而在于你是否能用自己的生命照亮更多的生命！,正面,综合,揭示生命意义照亮更多生命
蒙牛,1,个人比较喜欢蒙牛的新包装,正面,综合,喜欢蒙牛新包装
水果,1,包装完美，无损坏的，真的不错哦！,正面,综合,包装完好无损
